i_config,cohort,month,mouse,n_pixels,n_subregions,n_parent_regions,fps,dtData,dtFactor,dtRNN,alpha_dt_tau,lissage_sigma_frames,lissage_sigma_sec,lissage_fwhm_sec,tauRNN,g,P0,tauWN,ampInWN,nRunTrain,nRunFree,use_global_regression,compute_curbd,fraction_clip_pos,fraction_clip_neg,pVar_max,pVar_finale,chi2_min,chi2_final,pVar_max_train,pVar_train_end,pVar_free_mean,pVar_free_std,pVar_free_min,pVar_free_final,chi2_min_train,chi2_train_end,chi2_free_mean,chi2_free_std,chi2_free_min,chi2_free_final,duration_sec,runtime_sec,status,error,save_path,lissage_sigma,atlas_clean_size,atlas_clean_min_fraction
0,3,6,316,50,635,6,12.0,0.08333333333333333,2,0.041666666666666664,0.12626262626262624,2,0.16666666666666666,0.39249999999999996,0.33,0.8,1.0,0.1,0.01,200,5,False,False,2.7340332458442694e-07,0.0,0.5480267114209639,0.5480267114209639,13.132096270968683,13.132096270968683,0.5473165040518624,0.5472978585434544,0.5480267114209639,0.0,0.5480267114209639,0.5480267114209639,13.152033227156489,13.152033227156489,13.132096270968683,0.0,13.132096270968683,13.132096270968683,480.0,3466.2066502571106,done,,results/narval_screening_preprocessing_m6/1506925/config000_C3_M6_mouse316_n_pixels50_lissage_sigma2_tauRNN0.33_dtFactor2_g0.8_ampInWN0.01_P01_nRunTrain200_use_global_regressionFalse.pkl,2,5,0.25
1,3,6,316,50,635,6,12.0,0.08333333333333333,2,0.041666666666666664,0.12626262626262624,2,0.16666666666666666,0.39249999999999996,0.33,0.8,1.0,0.1,0.01,200,5,True,False,2.7340332458442694e-07,0.0,0.5074676710586925,0.5074676710586925,8.090274018128182,8.090274018128182,0.5067051048166604,0.5067051048166604,0.5074676710586925,0.0,0.5074676710586925,0.5074676710586925,8.100909582639382,8.100909582639382,8.090274018128182,0.0,8.090274018128182,8.090274018128182,480.0,3308.739623069763,done,,results/narval_screening_preprocessing_m6/1506925/config001_C3_M6_mouse316_n_pixels50_lissage_sigma2_tauRNN0.33_dtFactor2_g0.8_ampInWN0.01_P01_nRunTrain200_use_global_regressionTrue.pkl,2,5,0.25
2,3,6,316,50,635,6,12.0,0.08333333333333333,2,0.041666666666666664,0.12626262626262624,4,0.3333333333333333,0.7849999999999999,0.33,0.8,1.0,0.1,0.01,200,5,False,False,5.468066491688539e-07,0.0,0.6594481127999566,0.6594481127999566,10.259778380216444,10.259778380216444,0.6584819538177186,0.6584819538177186,0.6594481127999566,0.0,0.6594481127999566,0.6594481127999566,10.285913541628325,10.285913541628325,10.259778380216444,0.0,10.259778380216444,10.259778380216444,480.0,3357.645084142685,done,,results/narval_screening_preprocessing_m6/1506925/config002_C3_M6_mouse316_n_pixels50_lissage_sigma4_tauRNN0.33_dtFactor2_g0.8_ampInWN0.01_P01_nRunTrain200_use_global_regressionFalse.pkl,4,5,0.25
3,3,6,316,50,635,6,12.0,0.08333333333333333,2,0.041666666666666664,0.12626262626262624,4,0.3333333333333333,0.7849999999999999,0.33,0.8,1.0,0.1,0.01,200,5,True,False,2.7340332458442694e-07,0.0,0.6837828421626289,0.682720058899388,5.6254759407113895,5.646623173406674,0.6837828421626289,0.6822287930848578,0.682720058899388,0.0,0.682720058899388,0.682720058899388,5.6254759407113895,5.653003616603672,5.646623173406674,0.0,5.646623173406674,5.646623173406674,480.0,3679.7583277225494,done,,results/narval_screening_preprocessing_m6/1506925/config003_C3_M6_mouse316_n_pixels50_lissage_sigma4_tauRNN0.33_dtFactor2_g0.8_ampInWN0.01_P01_nRunTrain200_use_global_regressionTrue.pkl,4,5,0.25
4,3,6,316,75,424,6,12.0,0.08333333333333333,2,0.041666666666666664,0.12626262626262624,2,0.16666666666666666,0.39249999999999996,0.33,0.8,1.0,0.1,0.01,200,5,False,False,4.094601677148847e-07,0.0,0.40867640032342356,0.40867640032342356,17.40029005709606,17.40029005709606,0.40796333114614136,0.40796333114614136,0.40867640032342356,0.0,0.40867640032342356,0.40867640032342356,17.419108203257583,17.419108203257583,17.40029005709606,0.0,17.40029005709606,17.40029005709606,480.0,1306.8237404823303,done,,results/narval_screening_preprocessing_m6/1506925/config004_C3_M6_mouse316_n_pixels75_lissage_sigma2_tauRNN0.33_dtFactor2_g0.8_ampInWN0.01_P01_nRunTrain200_use_global_regressionFalse.pkl,2,5,0.25
5,3,6,316,75,424,6,12.0,0.08333333333333333,2,0.041666666666666664,0.12626262626262624,2,0.16666666666666666,0.39249999999999996,0.33,0.8,1.0,0.1,0.01,200,5,True,False,4.094601677148847e-07,0.0,0.3887946046719273,0.3887946046719273,8.7825329883573,8.7825329883573,0.38794076662210275,0.38794076662210275,0.3887946046719273,0.0,0.3887946046719273,0.3887946046719273,8.793290918839459,8.793290918839459,8.7825329883573,0.0,8.7825329883573,8.7825329883573,480.0,1324.7549486160278,done,,results/narval_screening_preprocessing_m6/1506925/config005_C3_M6_mouse316_n_pixels75_lissage_sigma2_tauRNN0.33_dtFactor2_g0.8_ampInWN0.01_P01_nRunTrain200_use_global_regressionTrue.pkl,2,5,0.25
6,3,6,316,75,424,6,12.0,0.08333333333333333,2,0.041666666666666664,0.12626262626262624,4,0.3333333333333333,0.7849999999999999,0.33,0.8,1.0,0.1,0.01,200,5,False,False,8.189203354297694e-07,0.0,0.5227887393319222,0.5227887393319222,14.419833800972848,14.419833800972848,0.5215585879485197,0.5215585879485197,0.5227887393319222,0.0,0.5227887393319222,0.5227887393319222,14.454423992665252,14.454423992665252,14.419833800972848,0.0,14.419833800972848,14.419833800972848,480.0,1298.3971016407013,done,,results/narval_screening_preprocessing_m6/1506925/config006_C3_M6_mouse316_n_pixels75_lissage_sigma4_tauRNN0.33_dtFactor2_g0.8_ampInWN0.01_P01_nRunTrain200_use_global_regressionFalse.pkl,4,5,0.25
7,3,6,316,75,424,6,12.0,0.08333333333333333,2,0.041666666666666664,0.12626262626262624,4,0.3333333333333333,0.7849999999999999,0.33,0.8,1.0,0.1,0.01,200,5,True,False,4.094601677148847e-07,0.0,0.5275386295763629,0.5275386295763629,7.197673405867481,7.197673405867481,0.52736090327794,0.5272421825683584,0.5275386295763629,0.0,0.5275386295763629,0.5275386295763629,7.198673102171258,7.199931983917668,7.197673405867481,0.0,7.197673405867481,7.197673405867481,480.0,1353.277483701706,done,,results/narval_screening_preprocessing_m6/1506925/config007_C3_M6_mouse316_n_pixels75_lissage_sigma4_tauRNN0.33_dtFactor2_g0.8_ampInWN0.01_P01_nRunTrain200_use_global_regressionTrue.pkl,4,5,0.25
8,3,6,316,100,319,6,12.0,0.08333333333333333,2,0.041666666666666664,0.12626262626262624,2,0.16666666666666666,0.39249999999999996,0.33,0.8,1.0,0.1,0.01,200,5,False,False,5.442354580285615e-07,0.0,0.36230953116839515,0.36230953116839515,18.62664331513463,18.62664331513463,0.36199560338793024,0.36199560338793024,0.36230953116839515,0.0,0.36230953116839515,0.36230953116839515,18.634210421873288,18.634210421873288,18.62664331513463,0.0,18.62664331513463,18.62664331513463,480.0,823.7156803607941,done,,results/narval_screening_preprocessing_m6/1506925/config008_C3_M6_mouse316_n_pixels100_lissage_sigma2_tauRNN0.33_dtFactor2_g0.8_ampInWN0.01_P01_nRunTrain200_use_global_regressionFalse.pkl,2,5,0.25
9,3,6,316,100,319,6,12.0,0.08333333333333333,2,0.041666666666666664,0.12626262626262624,2,0.16666666666666666,0.39249999999999996,0.33,0.8,1.0,0.1,0.01,200,5,True,False,5.442354580285615e-07,0.0,0.3196522087996777,0.3196522087996777,9.78745786924938,9.78745786924938,0.319049473819092,0.319049473819092,0.3196522087996777,0.0,0.3196522087996777,0.3196522087996777,9.794866081565965,9.794866081565965,9.78745786924938,0.0,9.78745786924938,9.78745786924938,480.0,891.4004597663879,done,,results/narval_screening_preprocessing_m6/1506925/config009_C3_M6_mouse316_n_pixels100_lissage_sigma2_tauRNN0.33_dtFactor2_g0.8_ampInWN0.01_P01_nRunTrain200_use_global_regressionTrue.pkl,2,5,0.25
10,3,6,316,100,319,6,12.0,0.08333333333333333,2,0.041666666666666664,0.12626262626262624,4,0.3333333333333333,0.7849999999999999,0.33,0.8,1.0,0.1,0.01,200,5,False,False,1.088470916057123e-06,0.0,0.40957679613929054,0.4002494572220172,17.830905311013467,18.217773588367308,0.40957679613929054,0.3995395731741501,0.4002494572220172,0.0,0.4002494572220172,0.4002494572220172,17.830905311013467,18.23672277774421,18.217773588367308,0.0,18.217773588367308,18.217773588367308,480.0,827.3186547756195,done,,results/narval_screening_preprocessing_m6/1506925/config010_C3_M6_mouse316_n_pixels100_lissage_sigma4_tauRNN0.33_dtFactor2_g0.8_ampInWN0.01_P01_nRunTrain200_use_global_regressionFalse.pkl,4,5,0.25
11,3,6,316,100,319,6,12.0,0.08333333333333333,2,0.041666666666666664,0.12626262626262624,4,0.3333333333333333,0.7849999999999999,0.33,0.8,1.0,0.1,0.01,200,5,True,False,5.442354580285615e-07,0.0,0.4507769164764799,0.45024370465984653,8.500952297172008,8.5149977117979,0.4507769164764799,0.4492461337111828,0.45024370465984653,0.0,0.45024370465984653,0.45024370465984653,8.500952297172008,8.528935560314784,8.5149977117979,0.0,8.5149977117979,8.5149977117979,480.0,1008.6203873157501,done,,results/narval_screening_preprocessing_m6/1506925/config011_C3_M6_mouse316_n_pixels100_lissage_sigma4_tauRNN0.33_dtFactor2_g0.8_ampInWN0.01_P01_nRunTrain200_use_global_regressionTrue.pkl,4,5,0.25
12,3,6,316,150,213,6,12.0,0.08333333333333333,2,0.041666666666666664,0.12626262626262624,2,0.16666666666666666,0.39249999999999996,0.33,0.8,1.0,0.1,0.01,200,5,False,False,8.15075639019301e-07,0.0,0.20093571074219474,0.20093571074219474,43.92092387012958,43.92092387012958,0.20074079303386805,0.19989218652609786,0.20093571074219474,0.0,0.20093571074219474,0.20093571074219474,43.94835608659973,43.976658146729186,43.92092387012958,0.0,43.92092387012958,43.92092387012958,480.0,456.50490975379944,done,,results/narval_screening_preprocessing_m6/1506925/config012_C3_M6_mouse316_n_pixels150_lissage_sigma2_tauRNN0.33_dtFactor2_g0.8_ampInWN0.01_P01_nRunTrain200_use_global_regressionFalse.pkl,2,5,0.25
13,3,6,316,150,213,6,12.0,0.08333333333333333,2,0.041666666666666664,0.12626262626262624,2,0.16666666666666666,0.39249999999999996,0.33,0.8,1.0,0.1,0.01,200,5,True,False,8.15075639019301e-07,0.0,0.21868095483177363,0.21868095483177363,18.14513862221401,18.14513862221401,0.2179554827109288,0.2179554827109288,0.21868095483177363,0.0,0.21868095483177363,0.21868095483177363,18.16009833399491,18.16009833399491,18.14513862221401,0.0,18.14513862221401,18.14513862221401,480.0,427.4828691482544,done,,results/narval_screening_preprocessing_m6/1506925/config013_C3_M6_mouse316_n_pixels150_lissage_sigma2_tauRNN0.33_dtFactor2_g0.8_ampInWN0.01_P01_nRunTrain200_use_global_regressionTrue.pkl,2,5,0.25
14,3,6,316,150,213,6,12.0,0.08333333333333333,2,0.041666666666666664,0.12626262626262624,4,0.3333333333333333,0.7849999999999999,0.33,0.8,1.0,0.1,0.01,200,5,False,False,8.15075639019301e-07,0.0,0.3185802523222122,0.3185802523222122,34.745042460939466,34.745042460939466,0.31828095378814303,0.31828095378814303,0.3185802523222122,0.0,0.3185802523222122,0.3185802523222122,34.75847328719798,34.75847328719798,34.745042460939466,0.0,34.745042460939466,34.745042460939466,480.0,436.83037400245667,done,,results/narval_screening_preprocessing_m6/1506925/config014_C3_M6_mouse316_n_pixels150_lissage_sigma4_tauRNN0.33_dtFactor2_g0.8_ampInWN0.01_P01_nRunTrain200_use_global_regressionFalse.pkl,4,5,0.25
15,3,6,316,150,213,6,12.0,0.08333333333333333,2,0.041666666666666664,0.12626262626262624,4,0.3333333333333333,0.7849999999999999,0.33,0.8,1.0,0.1,0.01,200,5,True,False,8.15075639019301e-07,0.0,0.3275208739786585,0.3275208739786585,25.659539868177546,25.659539868177546,0.32699867472836597,0.32699867472836597,0.3275208739786585,0.0,0.3275208739786585,0.3275208739786585,25.674723497017116,25.674723497017116,25.659539868177546,0.0,25.659539868177546,25.659539868177546,480.0,403.64202427864075,done,,results/narval_screening_preprocessing_m6/1506925/config015_C3_M6_mouse316_n_pixels150_lissage_sigma4_tauRNN0.33_dtFactor2_g0.8_ampInWN0.01_P01_nRunTrain200_use_global_regressionTrue.pkl,4,5,0.25
16,3,6,316,200,160,6,12.0,0.08333333333333333,2,0.041666666666666664,0.12626262626262624,2,0.16666666666666666,0.39249999999999996,0.33,0.8,1.0,0.1,0.01,200,5,False,False,2.170138888888889e-06,0.0,0.1822869802191246,0.1822869802191246,48.23056773928131,48.332721695303086,0.18136179990027523,0.1812532189603161,0.1822869802191246,0.0,0.1822869802191246,0.1822869802191246,48.23056773928131,48.39253065960789,48.332721695303086,0.0,48.332721695303086,48.332721695303086,480.0,386.87573313713074,done,,results/narval_screening_preprocessing_m6/1506925/config016_C3_M6_mouse316_n_pixels200_lissage_sigma2_tauRNN0.33_dtFactor2_g0.8_ampInWN0.01_P01_nRunTrain200_use_global_regressionFalse.pkl,2,5,0.25
17,3,6,316,200,160,6,12.0,0.08333333333333333,2,0.041666666666666664,0.12626262626262624,2,0.16666666666666666,0.39249999999999996,0.33,0.8,1.0,0.1,0.01,200,5,True,False,1.0850694444444444e-06,0.0,0.16473960000647225,0.16473960000647225,36.00651879315993,36.00651879315993,0.16403124324190588,0.16403124324190588,0.16473960000647225,0.0,0.16473960000647225,0.16473960000647225,36.03421579293066,36.03421579293066,36.00651879315993,0.0,36.00651879315993,36.00651879315993,480.0,275.38682675361633,done,,results/narval_screening_preprocessing_m6/1506925/config017_C3_M6_mouse316_n_pixels200_lissage_sigma2_tauRNN0.33_dtFactor2_g0.8_ampInWN0.01_P01_nRunTrain200_use_global_regressionTrue.pkl,2,5,0.25
18,3,6,316,200,160,6,12.0,0.08333333333333333,2,0.041666666666666664,0.12626262626262624,4,0.3333333333333333,0.7849999999999999,0.33,0.8,1.0,0.1,0.01,200,5,False,False,1.0850694444444444e-06,0.0,0.21406263768750056,0.20477595074471244,39.98249662555329,40.48615583934675,0.21406263768750056,0.20381879432049832,0.20477595074471244,0.0,0.20477595074471244,0.20477595074471244,39.98249662555329,40.53482949571679,40.48615583934675,0.0,40.48615583934675,40.48615583934675,480.0,281.4452860355377,done,,results/narval_screening_preprocessing_m6/1506925/config018_C3_M6_mouse316_n_pixels200_lissage_sigma4_tauRNN0.33_dtFactor2_g0.8_ampInWN0.01_P01_nRunTrain200_use_global_regressionFalse.pkl,4,5,0.25
19,3,6,316,200,160,6,12.0,0.08333333333333333,2,0.041666666666666664,0.12626262626262624,4,0.3333333333333333,0.7849999999999999,0.33,0.8,1.0,0.1,0.01,200,5,True,False,1.0850694444444444e-06,0.0,0.24068642352871772,0.23581602038100447,38.18247144569819,38.439742578820244,0.24068642352871772,0.2357098907551628,0.23581602038100447,0.0,0.23581602038100447,0.23581602038100447,38.18247144569819,38.44052412122728,38.439742578820244,0.0,38.439742578820244,38.439742578820244,480.0,282.4298315048218,done,,results/narval_screening_preprocessing_m6/1506925/config019_C3_M6_mouse316_n_pixels200_lissage_sigma4_tauRNN0.33_dtFactor2_g0.8_ampInWN0.01_P01_nRunTrain200_use_global_regressionTrue.pkl,4,5,0.25
20,3,6,322,50,642,6,12.0,0.08333333333333333,2,0.041666666666666664,0.12626262626262624,2,0.16666666666666666,0.39249999999999996,0.33,0.8,1.0,0.1,0.01,200,5,False,False,2.7042229145032883e-07,0.0,0.5724970527832435,0.5724970527832435,6.370960516769794,6.370960516769794,0.5718953546117406,0.5718953546117406,0.5724970527832435,0.0,0.5724970527832435,0.5724970527832435,6.379585407251702,6.379585407251702,6.370960516769794,0.0,6.370960516769794,6.370960516769794,480.0,3573.568846464157,done,,results/narval_screening_preprocessing_m6/1506925/config020_C3_M6_mouse322_n_pixels50_lissage_sigma2_tauRNN0.33_dtFactor2_g0.8_ampInWN0.01_P01_nRunTrain200_use_global_regressionFalse.pkl,2,5,0.25
21,3,6,322,50,642,6,12.0,0.08333333333333333,2,0.041666666666666664,0.12626262626262624,2,0.16666666666666666,0.39249999999999996,0.33,0.8,1.0,0.1,0.01,200,5,True,False,2.7042229145032883e-07,0.0,0.6143149871426133,0.6143149871426133,1.789785420849372,1.789785420849372,0.6138769749999524,0.6138769749999524,0.6143149871426133,0.0,0.6143149871426133,0.6143149871426133,1.7915860858989547,1.7915860858989547,1.789785420849372,0.0,1.789785420849372,1.789785420849372,480.0,3696.959188938141,done,,results/narval_screening_preprocessing_m6/1506925/config021_C3_M6_mouse322_n_pixels50_lissage_sigma2_tauRNN0.33_dtFactor2_g0.8_ampInWN0.01_P01_nRunTrain200_use_global_regressionTrue.pkl,2,5,0.25
22,3,6,322,50,642,6,12.0,0.08333333333333333,2,0.041666666666666664,0.12626262626262624,4,0.3333333333333333,0.7849999999999999,0.33,0.8,1.0,0.1,0.01,200,5,False,False,5.408445829006577e-07,0.0,0.6410941286531162,0.6410941286531162,3.9515782287619103,3.9515782287619103,0.6406232366441534,0.6406232366441534,0.6410941286531162,0.0,0.6410941286531162,0.6410941286531162,3.9552814949095794,3.9552814949095794,3.9515782287619103,0.0,3.9515782287619103,3.9515782287619103,480.0,3731.6427612304688,done,,results/narval_screening_preprocessing_m6/1506925/config022_C3_M6_mouse322_n_pixels50_lissage_sigma4_tauRNN0.33_dtFactor2_g0.8_ampInWN0.01_P01_nRunTrain200_use_global_regressionFalse.pkl,4,5,0.25
23,3,6,322,50,642,6,12.0,0.08333333333333333,2,0.041666666666666664,0.12626262626262624,4,0.3333333333333333,0.7849999999999999,0.33,0.8,1.0,0.1,0.01,200,5,True,False,5.408445829006577e-07,0.0,0.7519558384667899,0.7519558384667899,1.064909187053516,1.064909187053516,0.7514979684224047,0.7514979684224047,0.7519558384667899,0.0,0.7519558384667899,0.7519558384667899,1.0668391859265236,1.0668391859265236,1.064909187053516,0.0,1.064909187053516,1.064909187053516,480.0,3858.411298274994,done,,results/narval_screening_preprocessing_m6/1506925/config023_C3_M6_mouse322_n_pixels50_lissage_sigma4_tauRNN0.33_dtFactor2_g0.8_ampInWN0.01_P01_nRunTrain200_use_global_regressionTrue.pkl,4,5,0.25
24,3,6,322,75,428,6,12.0,0.08333333333333333,2,0.041666666666666664,0.12626262626262624,2,0.16666666666666666,0.39249999999999996,0.33,0.8,1.0,0.1,0.01,200,5,False,False,8.112668743509865e-07,0.0,0.3596772236661473,0.3596772236661473,9.088202006328611,9.088202006328611,0.3592490754067409,0.3592490754067409,0.3596772236661473,0.0,0.3596772236661473,0.3596772236661473,9.092819215948216,9.092819215948216,9.088202006328611,0.0,9.088202006328611,9.088202006328611,480.0,1343.5943789482117,done,,results/narval_screening_preprocessing_m6/1506925/config024_C3_M6_mouse322_n_pixels75_lissage_sigma2_tauRNN0.33_dtFactor2_g0.8_ampInWN0.01_P01_nRunTrain200_use_global_regressionFalse.pkl,2,5,0.25
25,3,6,322,75,428,6,12.0,0.08333333333333333,2,0.041666666666666664,0.12626262626262624,2,0.16666666666666666,0.39249999999999996,0.33,0.8,1.0,0.1,0.01,200,5,True,False,4.0563343717549325e-07,0.0,0.5264605275133157,0.5264605275133157,1.845933456448497,1.845933456448497,0.5260417354864344,0.5260417354864344,0.5264605275133157,0.0,0.5264605275133157,0.5264605275133157,1.8476772820201601,1.8476772820201601,1.8459334564484968,2.220446049250313e-16,1.845933456448497,1.845933456448497,480.0,1323.1817741394043,done,,results/narval_screening_preprocessing_m6/1506925/config025_C3_M6_mouse322_n_pixels75_lissage_sigma2_tauRNN0.33_dtFactor2_g0.8_ampInWN0.01_P01_nRunTrain200_use_global_regressionTrue.pkl,2,5,0.25
26,3,6,322,75,428,6,12.0,0.08333333333333333,2,0.041666666666666664,0.12626262626262624,4,0.3333333333333333,0.7849999999999999,0.33,0.8,1.0,0.1,0.01,200,5,False,False,8.112668743509865e-07,0.0,0.4611237808440727,0.46100314900937234,5.838678774276689,5.841586563545149,0.4611237808440727,0.4611237808440727,0.46100314900937234,0.0,0.46100314900937234,0.46100314900937234,5.838678774276689,5.838678774276689,5.841586563545149,0.0,5.841586563545149,5.841586563545149,480.0,1297.6836695671082,done,,results/narval_screening_preprocessing_m6/1506925/config026_C3_M6_mouse322_n_pixels75_lissage_sigma4_tauRNN0.33_dtFactor2_g0.8_ampInWN0.01_P01_nRunTrain200_use_global_regressionFalse.pkl,4,5,0.25
27,3,6,322,75,428,6,12.0,0.08333333333333333,2,0.041666666666666664,0.12626262626262624,4,0.3333333333333333,0.7849999999999999,0.33,0.8,1.0,0.1,0.01,200,5,True,False,4.0563343717549325e-07,0.0,0.6486587540295693,0.6486587540295693,1.343986736405946,1.343986736405946,0.6481684287887252,0.6481684287887252,0.6486587540295693,0.0,0.6486587540295693,0.6486587540295693,1.3456835101862783,1.3456835101862783,1.343986736405946,0.0,1.343986736405946,1.343986736405946,480.0,1302.5622098445892,done,,results/narval_screening_preprocessing_m6/1506925/config027_C3_M6_mouse322_n_pixels75_lissage_sigma4_tauRNN0.33_dtFactor2_g0.8_ampInWN0.01_P01_nRunTrain200_use_global_regressionTrue.pkl,4,5,0.25
28,3,6,322,100,322,6,12.0,0.08333333333333333,2,0.041666666666666664,0.12626262626262624,2,0.16666666666666666,0.39249999999999996,0.33,0.8,1.0,0.1,0.01,200,5,False,False,5.391649413388544e-07,0.0,0.26721330969742574,0.26721330969742574,12.254763576595463,12.254763576595463,0.26643721960557243,0.26643721960557243,0.26721330969742574,0.0,0.26721330969742574,0.26721330969742574,12.267111823248161,12.267111823248161,12.254763576595463,0.0,12.254763576595463,12.254763576595463,480.0,845.330178976059,done,,results/narval_screening_preprocessing_m6/1506925/config028_C3_M6_mouse322_n_pixels100_lissage_sigma2_tauRNN0.33_dtFactor2_g0.8_ampInWN0.01_P01_nRunTrain200_use_global_regressionFalse.pkl,2,5,0.25
29,3,6,322,100,322,6,12.0,0.08333333333333333,2,0.041666666666666664,0.12626262626262624,2,0.16666666666666666,0.39249999999999996,0.33,0.8,1.0,0.1,0.01,200,5,True,False,5.391649413388544e-07,0.0,0.4443326536739982,0.4443326536739982,2.605582785340476,2.605582785340476,0.44399961739284033,0.44399961739284033,0.4443326536739982,0.0,0.4443326536739982,0.4443326536739982,2.607052327598343,2.607052327598343,2.605582785340476,0.0,2.605582785340476,2.605582785340476,480.0,865.166965007782,done,,results/narval_screening_preprocessing_m6/1506925/config029_C3_M6_mouse322_n_pixels100_lissage_sigma2_tauRNN0.33_dtFactor2_g0.8_ampInWN0.01_P01_nRunTrain200_use_global_regressionTrue.pkl,2,5,0.25
30,3,6,322,100,322,6,12.0,0.08333333333333333,2,0.041666666666666664,0.12626262626262624,4,0.3333333333333333,0.7849999999999999,0.33,0.8,1.0,0.1,0.01,200,5,False,False,1.0783298826777088e-06,0.0,0.29348911697610514,0.29348911697610514,9.228178987270898,9.228178987270898,0.2921962758633896,0.2921962758633896,0.29348911697610514,0.0,0.29348911697610514,0.29348911697610514,9.24362401263795,9.24362401263795,9.228178987270898,0.0,9.228178987270898,9.228178987270898,480.0,820.7496016025543,done,,results/narval_screening_preprocessing_m6/1506925/config030_C3_M6_mouse322_n_pixels100_lissage_sigma4_tauRNN0.33_dtFactor2_g0.8_ampInWN0.01_P01_nRunTrain200_use_global_regressionFalse.pkl,4,5,0.25
31,3,6,322,100,322,6,12.0,0.08333333333333333,2,0.041666666666666664,0.12626262626262624,4,0.3333333333333333,0.7849999999999999,0.33,0.8,1.0,0.1,0.01,200,5,True,False,5.391649413388544e-07,0.0,0.5463743636169058,0.5463743636169058,2.0852443535411775,2.0852443535411775,0.5456670094800669,0.5456670094800669,0.5463743636169058,0.0,0.5463743636169058,0.5463743636169058,2.088154312098367,2.088154312098367,2.0852443535411775,0.0,2.0852443535411775,2.0852443535411775,480.0,828.7188363075256,done,,results/narval_screening_preprocessing_m6/1506925/config031_C3_M6_mouse322_n_pixels100_lissage_sigma4_tauRNN0.33_dtFactor2_g0.8_ampInWN0.01_P01_nRunTrain200_use_global_regressionTrue.pkl,4,5,0.25
32,3,6,322,150,215,6,12.0,0.08333333333333333,2,0.041666666666666664,0.12626262626262624,2,0.16666666666666666,0.39249999999999996,0.33,0.8,1.0,0.1,0.01,200,5,False,False,8.074935400516796e-07,0.0,0.10683648305166726,0.10683648305166726,27.76526249186059,27.76526249186059,0.1054022034516302,0.1054022034516302,0.10683648305166726,0.0,0.10683648305166726,0.10683648305166726,27.80718842509112,27.80718842509112,27.76526249186059,0.0,27.76526249186059,27.76526249186059,480.0,413.50007486343384,done,,results/narval_screening_preprocessing_m6/1506925/config032_C3_M6_mouse322_n_pixels150_lissage_sigma2_tauRNN0.33_dtFactor2_g0.8_ampInWN0.01_P01_nRunTrain200_use_global_regressionFalse.pkl,2,5,0.25
33,3,6,322,150,215,6,12.0,0.08333333333333333,2,0.041666666666666664,0.12626262626262624,2,0.16666666666666666,0.39249999999999996,0.33,0.8,1.0,0.1,0.01,200,5,True,False,1.6149870801033591e-06,0.0,0.3664087124065878,0.3664087124065878,7.28832852985554,7.28832852985554,0.3656753777981355,0.3656753777981355,0.3664087124065878,0.0,0.3664087124065878,0.3664087124065878,7.296557853579749,7.296557853579749,7.288328529855539,8.881784197001252e-16,7.28832852985554,7.28832852985554,480.0,390.7266318798065,done,,results/narval_screening_preprocessing_m6/1506925/config033_C3_M6_mouse322_n_pixels150_lissage_sigma2_tauRNN0.33_dtFactor2_g0.8_ampInWN0.01_P01_nRunTrain200_use_global_regressionTrue.pkl,2,5,0.25
34,3,6,322,150,215,6,12.0,0.08333333333333333,2,0.041666666666666664,0.12626262626262624,4,0.3333333333333333,0.7849999999999999,0.33,0.8,1.0,0.1,0.01,200,5,False,False,8.074935400516796e-07,0.0,0.18321941168110056,0.18321941168110056,19.774715041817807,19.774715041817807,0.1822935370980594,0.1822935370980594,0.18321941168110056,0.0,0.18321941168110056,0.18321941168110056,19.795565954059697,19.795565954059697,19.774715041817807,0.0,19.774715041817807,19.774715041817807,480.0,392.4382674694061,done,,results/narval_screening_preprocessing_m6/1506925/config034_C3_M6_mouse322_n_pixels150_lissage_sigma4_tauRNN0.33_dtFactor2_g0.8_ampInWN0.01_P01_nRunTrain200_use_global_regressionFalse.pkl,4,5,0.25
35,3,6,322,150,215,6,12.0,0.08333333333333333,2,0.041666666666666664,0.12626262626262624,4,0.3333333333333333,0.7849999999999999,0.33,0.8,1.0,0.1,0.01,200,5,True,False,8.074935400516796e-07,0.0,0.45323534350666916,0.45323534350666916,6.251817804079245,6.251817804079245,0.4527855227784904,0.4527603295436896,0.45323534350666916,0.0,0.45323534350666916,0.45323534350666916,6.256023474991778,6.256817975037585,6.251817804079245,0.0,6.251817804079245,6.251817804079245,480.0,354.733943939209,done,,results/narval_screening_preprocessing_m6/1506925/config035_C3_M6_mouse322_n_pixels150_lissage_sigma4_tauRNN0.33_dtFactor2_g0.8_ampInWN0.01_P01_nRunTrain200_use_global_regressionTrue.pkl,4,5,0.25
36,3,6,322,200,163,6,12.0,0.08333333333333333,2,0.041666666666666664,0.12626262626262624,2,0.16666666666666666,0.39249999999999996,0.33,0.8,1.0,0.1,0.01,200,5,False,False,1.0650988411724609e-06,0.0,0.030461048989080974,0.030461048989080974,35.97842643184665,35.97842643184665,0.02926152278358629,0.02926152278358629,0.030461048989080974,0.0,0.030461048989080974,0.030461048989080974,36.02271223736592,36.02271223736592,35.97842643184665,0.0,35.97842643184665,35.97842643184665,480.0,265.5657856464386,done,,results/narval_screening_preprocessing_m6/1506925/config036_C3_M6_mouse322_n_pixels200_lissage_sigma2_tauRNN0.33_dtFactor2_g0.8_ampInWN0.01_P01_nRunTrain200_use_global_regressionFalse.pkl,2,5,0.25
37,3,6,322,200,163,6,12.0,0.08333333333333333,2,0.041666666666666664,0.12626262626262624,2,0.16666666666666666,0.39249999999999996,0.33,0.8,1.0,0.1,0.01,200,5,True,False,1.0650988411724609e-06,0.0,0.30558649366224433,0.29351703452384614,7.13031056594079,7.262914584155867,0.30558649366224433,0.2930690017694304,0.29351703452384614,0.0,0.29351703452384614,0.29351703452384614,7.13031056594079,7.267308206912897,7.262914584155867,0.0,7.262914584155867,7.262914584155867,480.0,274.7132029533386,done,,results/narval_screening_preprocessing_m6/1506925/config037_C3_M6_mouse322_n_pixels200_lissage_sigma2_tauRNN0.33_dtFactor2_g0.8_ampInWN0.01_P01_nRunTrain200_use_global_regressionTrue.pkl,2,5,0.25
38,3,6,322,200,163,6,12.0,0.08333333333333333,2,0.041666666666666664,0.12626262626262624,4,0.3333333333333333,0.7849999999999999,0.33,0.8,1.0,0.1,0.01,200,5,False,False,1.0650988411724609e-06,0.0,0.028882014503867626,0.0018214142934109834,33.77843235229763,34.50428261132696,0.028882014503867626,0.0011450596744179142,0.0018214142934109834,0.0,0.0018214142934109834,0.0018214142934109834,33.77843235229763,34.525373785280365,34.50428261132696,0.0,34.50428261132696,34.50428261132696,480.0,262.955810546875,done,,results/narval_screening_preprocessing_m6/1506925/config038_C3_M6_mouse322_n_pixels200_lissage_sigma4_tauRNN0.33_dtFactor2_g0.8_ampInWN0.01_P01_nRunTrain200_use_global_regressionFalse.pkl,4,5,0.25
39,3,6,322,200,163,6,12.0,0.08333333333333333,2,0.041666666666666664,0.12626262626262624,4,0.3333333333333333,0.7849999999999999,0.33,0.8,1.0,0.1,0.01,200,5,True,False,1.0650988411724609e-06,0.0,0.34725801379787524,0.3464784884886358,7.799526303064511,7.809670367905212,0.34725801379787524,0.34585155878451623,0.3464784884886358,0.0,0.3464784884886358,0.3464784884886358,7.799526303064511,7.816600573234238,7.809670367905211,8.881784197001252e-16,7.809670367905212,7.809670367905212,480.0,292.5545780658722,done,,results/narval_screening_preprocessing_m6/1506925/config039_C3_M6_mouse322_n_pixels200_lissage_sigma4_tauRNN0.33_dtFactor2_g0.8_ampInWN0.01_P01_nRunTrain200_use_global_regressionTrue.pkl,4,5,0.25
40,5,6,353,50,644,6,12.0,0.08333333333333333,2,0.041666666666666664,0.12626262626262624,2,0.16666666666666666,0.39249999999999996,0.33,0.8,1.0,0.1,0.01,200,5,False,False,2.695824706694272e-07,0.0,0.531501785012385,0.531501785012385,5.106301446026161,5.106301446026161,0.5306729875504748,0.5306729875504748,0.531501785012385,0.0,0.531501785012385,0.531501785012385,5.114952702432313,5.114952702432313,5.106301446026161,0.0,5.106301446026161,5.106301446026161,480.0,3829.091796398163,done,,results/narval_screening_preprocessing_m6/1506925/config040_C5_M6_mouse353_n_pixels50_lissage_sigma2_tauRNN0.33_dtFactor2_g0.8_ampInWN0.01_P01_nRunTrain200_use_global_regressionFalse.pkl,2,5,0.25
41,5,6,353,50,644,6,12.0,0.08333333333333333,2,0.041666666666666664,0.12626262626262624,2,0.16666666666666666,0.39249999999999996,0.33,0.8,1.0,0.1,0.01,200,5,True,False,2.695824706694272e-07,0.0,0.609588613608401,0.609588613608401,1.43179203342367,1.43179203342367,0.6089911031928792,0.6089911031928792,0.609588613608401,0.0,0.609588613608401,0.609588613608401,1.4339152886858437,1.4339152886858437,1.43179203342367,0.0,1.43179203342367,1.43179203342367,480.0,4100.544603586197,done,,results/narval_screening_preprocessing_m6/1506925/config041_C5_M6_mouse353_n_pixels50_lissage_sigma2_tauRNN0.33_dtFactor2_g0.8_ampInWN0.01_P01_nRunTrain200_use_global_regressionTrue.pkl,2,5,0.25
42,5,6,353,50,644,6,12.0,0.08333333333333333,2,0.041666666666666664,0.12626262626262624,4,0.3333333333333333,0.7849999999999999,0.33,0.8,1.0,0.1,0.01,200,5,False,False,2.695824706694272e-07,0.0,0.6774453817765183,0.6774453817765183,3.7936984101368934,3.7936984101368934,0.6767073792798171,0.6767073792798171,0.6774453817765183,0.0,0.6774453817765183,0.6774453817765183,3.80190690346269,3.80190690346269,3.7936984101368934,0.0,3.7936984101368934,3.7936984101368934,480.0,3802.05282831192,done,,results/narval_screening_preprocessing_m6/1506925/config042_C5_M6_mouse353_n_pixels50_lissage_sigma4_tauRNN0.33_dtFactor2_g0.8_ampInWN0.01_P01_nRunTrain200_use_global_regressionFalse.pkl,4,5,0.25
43,5,6,353,50,644,6,12.0,0.08333333333333333,2,0.041666666666666664,0.12626262626262624,4,0.3333333333333333,0.7849999999999999,0.33,0.8,1.0,0.1,0.01,200,5,True,False,2.695824706694272e-07,0.0,0.7355358874681434,0.7355358874681434,1.1822415814776497,1.1822415814776497,0.7350523526295554,0.7350523526295554,0.7355358874681434,0.0,0.7355358874681434,0.7355358874681434,1.1842668846820321,1.1842668846820321,1.1822415814776497,0.0,1.1822415814776497,1.1822415814776497,480.0,4052.1944229602814,done,,results/narval_screening_preprocessing_m6/1506925/config043_C5_M6_mouse353_n_pixels50_lissage_sigma4_tauRNN0.33_dtFactor2_g0.8_ampInWN0.01_P01_nRunTrain200_use_global_regressionTrue.pkl,4,5,0.25
44,5,6,353,75,430,6,12.0,0.08333333333333333,2,0.041666666666666664,0.12626262626262624,2,0.16666666666666666,0.39249999999999996,0.33,0.8,1.0,0.1,0.01,200,5,False,False,4.037467700258398e-07,0.0,0.3726658259048733,0.3726658259048733,7.338490912594462,7.338490912594462,0.37202587478730553,0.37202587478730553,0.3726658259048733,0.0,0.3726658259048733,0.3726658259048733,7.345222541349322,7.345222541349322,7.338490912594463,8.881784197001252e-16,7.338490912594462,7.338490912594462,480.0,1390.5072512626648,done,,results/narval_screening_preprocessing_m6/1506925/config044_C5_M6_mouse353_n_pixels75_lissage_sigma2_tauRNN0.33_dtFactor2_g0.8_ampInWN0.01_P01_nRunTrain200_use_global_regressionFalse.pkl,2,5,0.25
45,5,6,353,75,430,6,12.0,0.08333333333333333,2,0.041666666666666664,0.12626262626262624,2,0.16666666666666666,0.39249999999999996,0.33,0.8,1.0,0.1,0.01,200,5,True,False,4.037467700258398e-07,0.0,0.44674162571629483,0.44674162571629483,2.164010186071796,2.164010186071796,0.4463138737272053,0.4463138737272053,0.4467416257162949,5.551115123125783e-17,0.44674162571629483,0.44674162571629483,2.1654970934312217,2.1654970934312217,2.164010186071796,0.0,2.164010186071796,2.164010186071796,480.0,1313.6468431949615,done,,results/narval_screening_preprocessing_m6/1506925/config045_C5_M6_mouse353_n_pixels75_lissage_sigma2_tauRNN0.33_dtFactor2_g0.8_ampInWN0.01_P01_nRunTrain200_use_global_regressionTrue.pkl,2,5,0.25
46,5,6,353,75,430,6,12.0,0.08333333333333333,2,0.041666666666666664,0.12626262626262624,4,0.3333333333333333,0.7849999999999999,0.33,0.8,1.0,0.1,0.01,200,5,False,False,4.037467700258398e-07,0.0,0.4749260864175895,0.4749260864175895,6.8421025496727985,6.8421025496727985,0.4735147805160753,0.4731666649961751,0.4749260864175895,0.0,0.4749260864175895,0.4749260864175895,6.855297686096896,6.865293601193401,6.842102549672799,8.881784197001252e-16,6.8421025496727985,6.8421025496727985,480.0,1663.2674551010132,done,,results/narval_screening_preprocessing_m6/1506925/config046_C5_M6_mouse353_n_pixels75_lissage_sigma4_tauRNN0.33_dtFactor2_g0.8_ampInWN0.01_P01_nRunTrain200_use_global_regressionFalse.pkl,4,5,0.25
47,5,6,353,75,430,6,12.0,0.08333333333333333,2,0.041666666666666664,0.12626262626262624,4,0.3333333333333333,0.7849999999999999,0.33,0.8,1.0,0.1,0.01,200,5,True,False,4.037467700258398e-07,0.0,0.5984937212821444,0.5984937212821444,1.9814826998310358,1.9814826998310358,0.5979964030435458,0.5979964030435458,0.5984937212821444,0.0,0.5984937212821444,0.5984937212821444,1.983697666688014,1.983697666688014,1.981482699831036,2.220446049250313e-16,1.9814826998310358,1.9814826998310358,480.0,1369.8405075073242,done,,results/narval_screening_preprocessing_m6/1506925/config047_C5_M6_mouse353_n_pixels75_lissage_sigma4_tauRNN0.33_dtFactor2_g0.8_ampInWN0.01_P01_nRunTrain200_use_global_regressionTrue.pkl,4,5,0.25
48,5,6,353,100,324,6,12.0,0.08333333333333333,2,0.041666666666666664,0.12626262626262624,2,0.16666666666666666,0.39249999999999996,0.33,0.8,1.0,0.1,0.01,200,5,False,False,5.358367626886146e-07,0.0,0.26851199332223985,0.26851199332223985,14.080677520854273,14.080677520854273,0.26712516208915027,0.26712516208915027,0.26851199332223985,0.0,0.26851199332223985,0.26851199332223985,14.10460492232449,14.107289359290055,14.080677520854271,1.7763568394002505e-15,14.080677520854273,14.080677520854273,480.0,1067.8472745418549,done,,results/narval_screening_preprocessing_m6/1506925/config048_C5_M6_mouse353_n_pixels100_lissage_sigma2_tauRNN0.33_dtFactor2_g0.8_ampInWN0.01_P01_nRunTrain200_use_global_regressionFalse.pkl,2,5,0.25
49,5,6,353,100,324,6,12.0,0.08333333333333333,2,0.041666666666666664,0.12626262626262624,2,0.16666666666666666,0.39249999999999996,0.33,0.8,1.0,0.1,0.01,200,5,True,False,5.358367626886146e-07,0.0,0.40795941056529006,0.40795941056529006,4.405217944572702,4.405217944572702,0.40764485712105314,0.40764485712105314,0.40795941056529006,0.0,0.40795941056529006,0.40795941056529006,4.40728406501745,4.40728406501745,4.405217944572702,0.0,4.405217944572702,4.405217944572702,480.0,823.7641756534576,done,,results/narval_screening_preprocessing_m6/1506925/config049_C5_M6_mouse353_n_pixels100_lissage_sigma2_tauRNN0.33_dtFactor2_g0.8_ampInWN0.01_P01_nRunTrain200_use_global_regressionTrue.pkl,2,5,0.25
50,5,6,353,100,324,6,12.0,0.08333333333333333,2,0.041666666666666664,0.12626262626262624,4,0.3333333333333333,0.7849999999999999,0.33,0.8,1.0,0.1,0.01,200,5,False,False,5.358367626886146e-07,0.0,0.4355414084660437,0.4355414084660437,10.361011111262709,10.361011111262709,0.4351769252705965,0.4351769252705965,0.4355414084660437,0.0,0.4355414084660437,0.4355414084660437,10.367204342139093,10.367204342139093,10.361011111262709,0.0,10.361011111262709,10.361011111262709,480.0,875.3467311859131,done,,results/narval_screening_preprocessing_m6/1506925/config050_C5_M6_mouse353_n_pixels100_lissage_sigma4_tauRNN0.33_dtFactor2_g0.8_ampInWN0.01_P01_nRunTrain200_use_global_regressionFalse.pkl,4,5,0.25
51,5,6,353,100,324,6,12.0,0.08333333333333333,2,0.041666666666666664,0.12626262626262624,4,0.3333333333333333,0.7849999999999999,0.33,0.8,1.0,0.1,0.01,200,5,True,False,5.358367626886146e-07,0.0,0.5158966013931361,0.5158966013931361,4.709958500676388,4.709958500676388,0.5152305451814463,0.5152305451814463,0.5158966013931361,0.0,0.5158966013931361,0.5158966013931361,4.715926132949868,4.715926132949868,4.709958500676388,0.0,4.709958500676388,4.709958500676388,480.0,820.0246021747589,done,,results/narval_screening_preprocessing_m6/1506925/config051_C5_M6_mouse353_n_pixels100_lissage_sigma4_tauRNN0.33_dtFactor2_g0.8_ampInWN0.01_P01_nRunTrain200_use_global_regressionTrue.pkl,4,5,0.25
52,5,6,353,150,217,6,12.0,0.08333333333333333,2,0.041666666666666664,0.12626262626262624,2,0.16666666666666666,0.39249999999999996,0.33,0.8,1.0,0.1,0.01,200,5,False,False,8.000512032770097e-07,0.0,0.0888762735512072,0.06767566966285188,16.682317865538902,17.004033033625976,0.0888762735512072,0.06927966554668552,0.06767566966285188,0.0,0.06767566966285188,0.06767566966285188,16.682317865538902,16.973140380200253,17.004033033625976,0.0,17.004033033625976,17.004033033625976,480.0,401.9315538406372,done,,results/narval_screening_preprocessing_m6/1506925/config052_C5_M6_mouse353_n_pixels150_lissage_sigma2_tauRNN0.33_dtFactor2_g0.8_ampInWN0.01_P01_nRunTrain200_use_global_regressionFalse.pkl,2,5,0.25
53,5,6,353,150,217,6,12.0,0.08333333333333333,2,0.041666666666666664,0.12626262626262624,2,0.16666666666666666,0.39249999999999996,0.33,0.8,1.0,0.1,0.01,200,5,True,False,8.000512032770097e-07,0.0,0.30058668536777666,0.30058668536777666,4.264881681968586,4.264881681968586,0.30026739545655134,0.30026739545655134,0.30058668536777666,0.0,0.30058668536777666,0.30058668536777666,4.266550532919016,4.266550532919016,4.264881681968586,0.0,4.264881681968586,4.264881681968586,480.0,398.6031584739685,done,,results/narval_screening_preprocessing_m6/1506925/config053_C5_M6_mouse353_n_pixels150_lissage_sigma2_tauRNN0.33_dtFactor2_g0.8_ampInWN0.01_P01_nRunTrain200_use_global_regressionTrue.pkl,2,5,0.25
54,5,6,353,150,217,6,12.0,0.08333333333333333,2,0.041666666666666664,0.12626262626262624,4,0.3333333333333333,0.7849999999999999,0.33,0.8,1.0,0.1,0.01,200,5,False,False,8.000512032770097e-07,0.0,0.23415021212356968,0.23415021212356968,14.267300835388108,14.267300835388108,0.2324022208227775,0.2324022208227775,0.23415021212356968,0.0,0.23415021212356968,0.23415021212356968,14.299939524042326,14.299939524042326,14.267300835388108,0.0,14.267300835388108,14.267300835388108,480.0,437.46454882621765,done,,results/narval_screening_preprocessing_m6/1506925/config054_C5_M6_mouse353_n_pixels150_lissage_sigma4_tauRNN0.33_dtFactor2_g0.8_ampInWN0.01_P01_nRunTrain200_use_global_regressionFalse.pkl,4,5,0.25
55,5,6,353,150,217,6,12.0,0.08333333333333333,2,0.041666666666666664,0.12626262626262624,4,0.3333333333333333,0.7849999999999999,0.33,0.8,1.0,0.1,0.01,200,5,True,False,8.000512032770097e-07,0.0,0.3620344103188353,0.3620344103188353,4.94135543230653,4.94135543230653,0.3613411028095458,0.3613411028095458,0.3620344103188353,0.0,0.3620344103188353,0.3620344103188353,4.9461687105801015,4.9461687105801015,4.94135543230653,0.0,4.94135543230653,4.94135543230653,480.0,394.78075432777405,done,,results/narval_screening_preprocessing_m6/1506925/config055_C5_M6_mouse353_n_pixels150_lissage_sigma4_tauRNN0.33_dtFactor2_g0.8_ampInWN0.01_P01_nRunTrain200_use_global_regressionTrue.pkl,4,5,0.25
56,5,6,353,200,164,6,12.0,0.08333333333333333,2,0.041666666666666664,0.12626262626262624,2,0.16666666666666666,0.39249999999999996,0.33,0.8,1.0,0.1,0.01,200,5,False,False,1.0586043360433604e-06,0.0,-0.013917128798526246,-0.013917128798526246,20.05202297428089,20.05202297428089,-0.015737750956949403,-0.015737750956949403,-0.013917128798526246,0.0,-0.013917128798526246,-0.013917128798526246,20.08827407979113,20.08827407979113,20.05202297428089,0.0,20.05202297428089,20.05202297428089,480.0,258.5339379310608,done,,results/narval_screening_preprocessing_m6/1506925/config056_C5_M6_mouse353_n_pixels200_lissage_sigma2_tauRNN0.33_dtFactor2_g0.8_ampInWN0.01_P01_nRunTrain200_use_global_regressionFalse.pkl,2,5,0.25
57,5,6,353,200,164,6,12.0,0.08333333333333333,2,0.041666666666666664,0.12626262626262624,2,0.16666666666666666,0.39249999999999996,0.33,0.8,1.0,0.1,0.01,200,5,True,False,1.0586043360433604e-06,0.0,0.2239707309770781,0.223259237965185,5.093645707301607,5.097207436055772,0.2239707309770781,0.2228806844243223,0.223259237965185,0.0,0.223259237965185,0.223259237965185,5.093645707301607,5.099428968072845,5.097207436055772,0.0,5.097207436055772,5.097207436055772,480.0,264.5777826309204,done,,results/narval_screening_preprocessing_m6/1506925/config057_C5_M6_mouse353_n_pixels200_lissage_sigma2_tauRNN0.33_dtFactor2_g0.8_ampInWN0.01_P01_nRunTrain200_use_global_regressionTrue.pkl,2,5,0.25
58,5,6,353,200,164,6,12.0,0.08333333333333333,2,0.041666666666666664,0.12626262626262624,4,0.3333333333333333,0.7849999999999999,0.33,0.8,1.0,0.1,0.01,200,5,False,False,1.0586043360433604e-06,0.0,0.14166779588341205,0.14166779588341205,17.127333526140674,17.127333526140674,0.14083337358052894,0.14083337358052894,0.14166779588341205,0.0,0.14166779588341205,0.14166779588341205,17.14378361531498,17.14378361531498,17.127333526140674,0.0,17.127333526140674,17.127333526140674,480.0,279.0153319835663,done,,results/narval_screening_preprocessing_m6/1506925/config058_C5_M6_mouse353_n_pixels200_lissage_sigma4_tauRNN0.33_dtFactor2_g0.8_ampInWN0.01_P01_nRunTrain200_use_global_regressionFalse.pkl,4,5,0.25
59,5,6,353,200,164,6,12.0,0.08333333333333333,2,0.041666666666666664,0.12626262626262624,4,0.3333333333333333,0.7849999999999999,0.33,0.8,1.0,0.1,0.01,200,5,True,False,1.0586043360433604e-06,0.0,0.2962461577054515,0.2962461577054515,5.91407722082535,5.91407722082535,0.2956276254925805,0.2956276254925805,0.2962461577054515,0.0,0.2962461577054515,0.2962461577054515,5.918890487101944,5.918890487101944,5.91407722082535,0.0,5.91407722082535,5.91407722082535,480.0,262.50362968444824,done,,results/narval_screening_preprocessing_m6/1506925/config059_C5_M6_mouse353_n_pixels200_lissage_sigma4_tauRNN0.33_dtFactor2_g0.8_ampInWN0.01_P01_nRunTrain200_use_global_regressionTrue.pkl,4,5,0.25
60,5,6,361,50,693,6,12.0,0.08333333333333333,2,0.041666666666666664,0.12626262626262624,2,0.16666666666666666,0.39249999999999996,0.33,0.8,1.0,0.1,0.01,200,5,False,False,5.010421677088344e-07,0.0,0.4919969569686511,0.4919486862502206,8.100167161788299,8.100167161788299,0.4919969569686511,0.49068349861797633,0.4919486862502206,0.0,0.4919486862502206,0.4919486862502206,8.100886108349634,8.120431388313968,8.100167161788299,0.0,8.100167161788299,8.100167161788299,480.0,4831.902021408081,done,,results/narval_screening_preprocessing_m6/1506925/config060_C5_M6_mouse361_n_pixels50_lissage_sigma2_tauRNN0.33_dtFactor2_g0.8_ampInWN0.01_P01_nRunTrain200_use_global_regressionFalse.pkl,2,5,0.25
61,5,6,361,50,693,6,12.0,0.08333333333333333,2,0.041666666666666664,0.12626262626262624,2,0.16666666666666666,0.39249999999999996,0.33,0.8,1.0,0.1,0.01,200,5,True,False,2.505210838544172e-07,0.0,0.5694235499128419,0.5694235499128419,3.424203292340697,3.424203292340697,0.5689435032814354,0.5689435032814354,0.5694235499128419,0.0,0.5694235499128419,0.5694235499128419,3.42758184919022,3.42758184919022,3.424203292340697,0.0,3.424203292340697,3.424203292340697,480.0,5577.4816908836365,done,,results/narval_screening_preprocessing_m6/1506925/config061_C5_M6_mouse361_n_pixels50_lissage_sigma2_tauRNN0.33_dtFactor2_g0.8_ampInWN0.01_P01_nRunTrain200_use_global_regressionTrue.pkl,2,5,0.25
62,5,6,361,50,693,6,12.0,0.08333333333333333,2,0.041666666666666664,0.12626262626262624,4,0.3333333333333333,0.7849999999999999,0.33,0.8,1.0,0.1,0.01,200,5,False,False,2.505210838544172e-07,0.0,0.6601215599436497,0.6601215599436497,4.8162976542073155,4.8162976542073155,0.6591063072473604,0.6591063072473604,0.6601215599436497,0.0,0.6601215599436497,0.6601215599436497,4.829751984674729,4.829751984674729,4.8162976542073155,0.0,4.8162976542073155,4.8162976542073155,480.0,6036.563760042191,done,,results/narval_screening_preprocessing_m6/1506925/config062_C5_M6_mouse361_n_pixels50_lissage_sigma4_tauRNN0.33_dtFactor2_g0.8_ampInWN0.01_P01_nRunTrain200_use_global_regressionFalse.pkl,4,5,0.25
63,5,6,361,50,693,6,12.0,0.08333333333333333,2,0.041666666666666664,0.12626262626262624,4,0.3333333333333333,0.7849999999999999,0.33,0.8,1.0,0.1,0.01,200,5,True,False,5.010421677088344e-07,0.0,0.7119397585869911,0.7119397585869911,2.18749757625788,2.18749757625788,0.7113509253748442,0.7113509253748442,0.7119397585869911,0.0,0.7119397585869911,0.7119397585869911,2.1913891428060523,2.1913891428060523,2.18749757625788,0.0,2.18749757625788,2.18749757625788,480.0,5395.9795479774475,done,,results/narval_screening_preprocessing_m6/1506925/config063_C5_M6_mouse361_n_pixels50_lissage_sigma4_tauRNN0.33_dtFactor2_g0.8_ampInWN0.01_P01_nRunTrain200_use_global_regressionTrue.pkl,4,5,0.25
64,5,6,361,75,463,6,12.0,0.08333333333333333,2,0.041666666666666664,0.12626262626262624,2,0.16666666666666666,0.39249999999999996,0.33,0.8,1.0,0.1,0.01,200,5,False,False,3.74970002399808e-07,0.0,0.35430649638597944,0.3426117511786455,13.462033977607149,13.7549659659742,0.35430649638597944,0.3418503252673586,0.3426117511786455,0.0,0.3426117511786455,0.3426117511786455,13.462033977607149,13.769338220248686,13.754965965974202,1.7763568394002505e-15,13.7549659659742,13.7549659659742,480.0,1598.9229373931885,done,,results/narval_screening_preprocessing_m6/1506925/config064_C5_M6_mouse361_n_pixels75_lissage_sigma2_tauRNN0.33_dtFactor2_g0.8_ampInWN0.01_P01_nRunTrain200_use_global_regressionFalse.pkl,2,5,0.25
65,5,6,361,75,463,6,12.0,0.08333333333333333,2,0.041666666666666664,0.12626262626262624,2,0.16666666666666666,0.39249999999999996,0.33,0.8,1.0,0.1,0.01,200,5,True,False,3.74970002399808e-07,0.0,0.44829853706050804,0.44829853706050804,4.455109404326527,4.455109404326527,0.4476735716538143,0.4476735716538143,0.44829853706050804,0.0,0.44829853706050804,0.44829853706050804,4.4595832905338275,4.4595832905338275,4.455109404326527,0.0,4.455109404326527,4.455109404326527,480.0,1536.8209919929504,done,,results/narval_screening_preprocessing_m6/1506925/config065_C5_M6_mouse361_n_pixels75_lissage_sigma2_tauRNN0.33_dtFactor2_g0.8_ampInWN0.01_P01_nRunTrain200_use_global_regressionTrue.pkl,2,5,0.25
66,5,6,361,75,463,6,12.0,0.08333333333333333,2,0.041666666666666664,0.12626262626262624,4,0.3333333333333333,0.7849999999999999,0.33,0.8,1.0,0.1,0.01,200,5,False,False,3.74970002399808e-07,0.0,0.5000056668935295,0.4998021493225938,10.734541589961156,10.748118489149446,0.5000056668935295,0.4988220370740232,0.4998021493225938,0.0,0.4998021493225938,0.4998021493225938,10.734541589961156,10.767189082986842,10.748118489149446,0.0,10.748118489149446,10.748118489149446,480.0,1578.0181531906128,done,,results/narval_screening_preprocessing_m6/1506925/config066_C5_M6_mouse361_n_pixels75_lissage_sigma4_tauRNN0.33_dtFactor2_g0.8_ampInWN0.01_P01_nRunTrain200_use_global_regressionFalse.pkl,4,5,0.25
67,5,6,361,75,463,6,12.0,0.08333333333333333,2,0.041666666666666664,0.12626262626262624,4,0.3333333333333333,0.7849999999999999,0.33,0.8,1.0,0.1,0.01,200,5,True,False,3.74970002399808e-07,0.0,0.5639635516746464,0.5639635516746464,4.262564149792565,4.262564149792565,0.5631721954142201,0.5631721954142201,0.5639635516746464,0.0,0.5639635516746464,0.5639635516746464,4.26989822387689,4.26989822387689,4.262564149792565,0.0,4.262564149792565,4.262564149792565,480.0,1515.8083519935608,done,,results/narval_screening_preprocessing_m6/1506925/config067_C5_M6_mouse361_n_pixels75_lissage_sigma4_tauRNN0.33_dtFactor2_g0.8_ampInWN0.01_P01_nRunTrain200_use_global_regressionTrue.pkl,4,5,0.25
68,5,6,361,100,348,6,12.0,0.08333333333333333,2,0.041666666666666664,0.12626262626262624,2,0.16666666666666666,0.39249999999999996,0.33,0.8,1.0,0.1,0.01,200,5,False,False,4.988825031928481e-07,0.0,0.2570511885178848,0.2503170284506757,13.94852581636539,14.094650539130491,0.2570511885178848,0.24936875421703453,0.2503170284506757,0.0,0.2503170284506757,0.2503170284506757,13.94852581636539,14.111552626281908,14.094650539130493,1.7763568394002505e-15,14.094650539130491,14.094650539130491,480.0,933.5733814239502,done,,results/narval_screening_preprocessing_m6/1506925/config068_C5_M6_mouse361_n_pixels100_lissage_sigma2_tauRNN0.33_dtFactor2_g0.8_ampInWN0.01_P01_nRunTrain200_use_global_regressionFalse.pkl,2,5,0.25
69,5,6,361,100,348,6,12.0,0.08333333333333333,2,0.041666666666666664,0.12626262626262624,2,0.16666666666666666,0.39249999999999996,0.33,0.8,1.0,0.1,0.01,200,5,True,False,9.977650063856961e-07,0.0,0.3734287431191289,0.3734287431191289,4.515850841504577,4.515850841504577,0.3729381569977539,0.3729381569977539,0.3734287431191289,0.0,0.3734287431191289,0.3734287431191289,4.518836259817306,4.518836259817306,4.515850841504577,0.0,4.515850841504577,4.515850841504577,480.0,884.1520645618439,done,,results/narval_screening_preprocessing_m6/1506925/config069_C5_M6_mouse361_n_pixels100_lissage_sigma2_tauRNN0.33_dtFactor2_g0.8_ampInWN0.01_P01_nRunTrain200_use_global_regressionTrue.pkl,2,5,0.25
70,5,6,361,100,348,6,12.0,0.08333333333333333,2,0.041666666666666664,0.12626262626262624,4,0.3333333333333333,0.7849999999999999,0.33,0.8,1.0,0.1,0.01,200,5,False,False,9.977650063856961e-07,0.0,0.3797516829860046,0.3724795969925938,11.93783999643718,12.109427697468764,0.3797516829860046,0.3719904494986407,0.3724795969925938,0.0,0.3724795969925938,0.3724795969925938,11.93783999643718,12.117809266052273,12.109427697468764,0.0,12.109427697468764,12.109427697468764,480.0,898.8268542289734,done,,results/narval_screening_preprocessing_m6/1506925/config070_C5_M6_mouse361_n_pixels100_lissage_sigma4_tauRNN0.33_dtFactor2_g0.8_ampInWN0.01_P01_nRunTrain200_use_global_regressionFalse.pkl,4,5,0.25
71,5,6,361,100,348,6,12.0,0.08333333333333333,2,0.041666666666666664,0.12626262626262624,4,0.3333333333333333,0.7849999999999999,0.33,0.8,1.0,0.1,0.01,200,5,True,False,9.977650063856961e-07,0.0,0.461123376975919,0.461123376975919,4.554413384239516,4.554413384239516,0.46037174525096225,0.46037174525096225,0.461123376975919,0.0,0.461123376975919,0.461123376975919,4.559981623527004,4.559981623527004,4.554413384239516,0.0,4.554413384239516,4.554413384239516,480.0,1133.0561299324036,done,,results/narval_screening_preprocessing_m6/1506925/config071_C5_M6_mouse361_n_pixels100_lissage_sigma4_tauRNN0.33_dtFactor2_g0.8_ampInWN0.01_P01_nRunTrain200_use_global_regressionTrue.pkl,4,5,0.25
72,5,6,361,150,233,6,12.0,0.08333333333333333,2,0.041666666666666664,0.12626262626262624,2,0.16666666666666666,0.39249999999999996,0.33,0.8,1.0,0.1,0.01,200,5,False,False,7.451120648545541e-07,0.0,0.10995748349016143,0.0827578466007235,19.095184266577842,19.6437461585839,0.10995748349016143,0.08301462024167638,0.0827578466007235,0.0,0.0827578466007235,0.0827578466007235,19.095184266577842,19.636986093887533,19.6437461585839,0.0,19.6437461585839,19.6437461585839,480.0,479.01742911338806,done,,results/narval_screening_preprocessing_m6/1506925/config072_C5_M6_mouse361_n_pixels150_lissage_sigma2_tauRNN0.33_dtFactor2_g0.8_ampInWN0.01_P01_nRunTrain200_use_global_regressionFalse.pkl,2,5,0.25
73,5,6,361,150,233,6,12.0,0.08333333333333333,2,0.041666666666666664,0.12626262626262624,2,0.16666666666666666,0.39249999999999996,0.33,0.8,1.0,0.1,0.01,200,5,True,False,1.4902241297091081e-06,0.0,0.2629152313982559,0.2629152313982559,5.701429372277853,5.701429372277853,0.2623833361347092,0.2623833361347092,0.2629152313982559,0.0,0.2629152313982559,0.2629152313982559,5.705112236123238,5.705112236123238,5.701429372277853,0.0,5.701429372277853,5.701429372277853,480.0,465.8907928466797,done,,results/narval_screening_preprocessing_m6/1506925/config073_C5_M6_mouse361_n_pixels150_lissage_sigma2_tauRNN0.33_dtFactor2_g0.8_ampInWN0.01_P01_nRunTrain200_use_global_regressionTrue.pkl,2,5,0.25
74,5,6,361,150,233,6,12.0,0.08333333333333333,2,0.041666666666666664,0.12626262626262624,4,0.3333333333333333,0.7849999999999999,0.33,0.8,1.0,0.1,0.01,200,5,False,False,1.4902241297091081e-06,0.0,0.1570175784560066,0.1570175784560066,18.682902659409443,18.682902659409443,0.15575761596750748,0.15575761596750748,0.1570175784560066,0.0,0.1570175784560066,0.1570175784560066,18.70972012044014,18.70972012044014,18.682902659409443,0.0,18.682902659409443,18.682902659409443,480.0,495.3421719074249,done,,results/narval_screening_preprocessing_m6/1506925/config074_C5_M6_mouse361_n_pixels150_lissage_sigma4_tauRNN0.33_dtFactor2_g0.8_ampInWN0.01_P01_nRunTrain200_use_global_regressionFalse.pkl,4,5,0.25
75,5,6,361,150,233,6,12.0,0.08333333333333333,2,0.041666666666666664,0.12626262626262624,4,0.3333333333333333,0.7849999999999999,0.33,0.8,1.0,0.1,0.01,200,5,True,False,7.451120648545541e-07,0.0,0.3564806613084154,0.3564806613084154,5.949147837121095,5.949147837121095,0.35582927555364374,0.35582927555364374,0.3564806613084154,0.0,0.3564806613084154,0.3564806613084154,5.954515450849339,5.954515450849339,5.949147837121095,0.0,5.949147837121095,5.949147837121095,480.0,463.5191478729248,done,,results/narval_screening_preprocessing_m6/1506925/config075_C5_M6_mouse361_n_pixels150_lissage_sigma4_tauRNN0.33_dtFactor2_g0.8_ampInWN0.01_P01_nRunTrain200_use_global_regressionTrue.pkl,4,5,0.25
76,5,6,361,200,176,6,12.0,0.08333333333333333,2,0.041666666666666664,0.12626262626262624,2,0.16666666666666666,0.39249999999999996,0.33,0.8,1.0,0.1,0.01,200,5,False,False,9.864267676767677e-07,0.0,-0.09982203579563254,-0.1674668554324794,24.538470648067232,25.99229914428828,-0.09982203579563254,-0.1693774836497648,-0.1674668554324794,0.0,-0.1674668554324794,-0.1674668554324794,24.538470648067232,26.034831696605877,25.99229914428828,0.0,25.99229914428828,25.99229914428828,480.0,292.3554561138153,done,,results/narval_screening_preprocessing_m6/1506925/config076_C5_M6_mouse361_n_pixels200_lissage_sigma2_tauRNN0.33_dtFactor2_g0.8_ampInWN0.01_P01_nRunTrain200_use_global_regressionFalse.pkl,2,5,0.25
77,5,6,361,200,176,6,12.0,0.08333333333333333,2,0.041666666666666664,0.12626262626262624,2,0.16666666666666666,0.39249999999999996,0.33,0.8,1.0,0.1,0.01,200,5,True,False,9.864267676767677e-07,0.0,0.1991297996310173,0.1991297996310173,6.245938912686361,6.245938912686361,0.19874510322289585,0.19874510322289585,0.1991297996310173,0.0,0.1991297996310173,0.1991297996310173,6.248610051869686,6.248610051869686,6.245938912686361,0.0,6.245938912686361,6.245938912686361,480.0,293.96412110328674,done,,results/narval_screening_preprocessing_m6/1506925/config077_C5_M6_mouse361_n_pixels200_lissage_sigma2_tauRNN0.33_dtFactor2_g0.8_ampInWN0.01_P01_nRunTrain200_use_global_regressionTrue.pkl,2,5,0.25
78,5,6,361,200,176,6,12.0,0.08333333333333333,2,0.041666666666666664,0.12626262626262624,4,0.3333333333333333,0.7849999999999999,0.33,0.8,1.0,0.1,0.01,200,5,False,False,1.9728535353535354e-06,0.0,0.11231657278975371,0.08689189609278791,20.52949191140486,21.117383950664852,0.11231657278975371,0.08701124119305625,0.08689189609278791,0.0,0.08689189609278791,0.08689189609278791,20.52949191140486,21.1130108766801,21.117383950664852,0.0,21.117383950664852,21.117383950664852,480.0,295.93832302093506,done,,results/narval_screening_preprocessing_m6/1506925/config078_C5_M6_mouse361_n_pixels200_lissage_sigma4_tauRNN0.33_dtFactor2_g0.8_ampInWN0.01_P01_nRunTrain200_use_global_regressionFalse.pkl,4,5,0.25
79,5,6,361,200,176,6,12.0,0.08333333333333333,2,0.041666666666666664,0.12626262626262624,4,0.3333333333333333,0.7849999999999999,0.33,0.8,1.0,0.1,0.01,200,5,True,False,1.9728535353535354e-06,0.0,0.28328319689070813,0.28328319689070813,6.78745867917297,6.78745867917297,0.2829711475271426,0.2829711475271426,0.28328319689070813,0.0,0.28328319689070813,0.28328319689070813,6.789991225858477,6.789991225858477,6.787458679172969,8.881784197001252e-16,6.78745867917297,6.78745867917297,480.0,293.5754325389862,done,,results/narval_screening_preprocessing_m6/1506925/config079_C5_M6_mouse361_n_pixels200_lissage_sigma4_tauRNN0.33_dtFactor2_g0.8_ampInWN0.01_P01_nRunTrain200_use_global_regressionTrue.pkl,4,5,0.25
80,6,6,365,50,662,6,12.0,0.08333333333333333,2,0.041666666666666664,0.12626262626262624,2,0.16666666666666666,0.39249999999999996,0.33,0.8,1.0,0.1,0.01,200,5,False,False,2.6225243370258476e-07,0.0,0.6200769581640264,0.6200769581640264,6.197240216919854,6.197240216919854,0.6191202069348283,0.6191202069348283,0.6200769581640264,0.0,0.6200769581640264,0.6200769581640264,6.212629425275274,6.212629425275274,6.197240216919854,0.0,6.197240216919854,6.197240216919854,480.0,4302.515798568726,done,,results/narval_screening_preprocessing_m6/1506925/config080_C6_M6_mouse365_n_pixels50_lissage_sigma2_tauRNN0.33_dtFactor2_g0.8_ampInWN0.01_P01_nRunTrain200_use_global_regressionFalse.pkl,2,5,0.25
81,6,6,365,50,662,6,12.0,0.08333333333333333,2,0.041666666666666664,0.12626262626262624,2,0.16666666666666666,0.39249999999999996,0.33,0.8,1.0,0.1,0.01,200,5,True,False,2.6225243370258476e-07,0.0,0.5549397563611052,0.5549397563611052,2.262691786077717,2.262691786077717,0.5543200060762559,0.5543200060762559,0.5549397563611052,0.0,0.5549397563611052,0.5549397563611052,2.2655321425001858,2.2655321425001858,2.262691786077717,0.0,2.262691786077717,2.262691786077717,480.0,4108.82802438736,done,,results/narval_screening_preprocessing_m6/1506925/config081_C6_M6_mouse365_n_pixels50_lissage_sigma2_tauRNN0.33_dtFactor2_g0.8_ampInWN0.01_P01_nRunTrain200_use_global_regressionTrue.pkl,2,5,0.25
82,6,6,365,50,662,6,12.0,0.08333333333333333,2,0.041666666666666664,0.12626262626262624,4,0.3333333333333333,0.7849999999999999,0.33,0.8,1.0,0.1,0.01,200,5,False,False,2.6225243370258476e-07,0.0,0.7282987248921359,0.7282987248921359,4.703131404235364,4.703131404235364,0.7276963867858226,0.7276963867858226,0.7282987248921359,0.0,0.7282987248921359,0.7282987248921359,4.7130490381745815,4.7130490381745815,4.703131404235364,0.0,4.703131404235364,4.703131404235364,480.0,4405.572668790817,done,,results/narval_screening_preprocessing_m6/1506925/config082_C6_M6_mouse365_n_pixels50_lissage_sigma4_tauRNN0.33_dtFactor2_g0.8_ampInWN0.01_P01_nRunTrain200_use_global_regressionFalse.pkl,4,5,0.25
83,6,6,365,50,662,6,12.0,0.08333333333333333,2,0.041666666666666664,0.12626262626262624,4,0.3333333333333333,0.7849999999999999,0.33,0.8,1.0,0.1,0.01,200,5,True,False,2.6225243370258476e-07,0.0,0.7107137094627906,0.7095510647414277,1.4857543684155292,1.490852703099373,0.7107137094627906,0.7107137094627906,0.7095510647414277,0.0,0.7095510647414277,0.7095510647414277,1.4857543684155292,1.4857543684155292,1.490852703099373,0.0,1.490852703099373,1.490852703099373,480.0,4778.887298822403,done,,results/narval_screening_preprocessing_m6/1506925/config083_C6_M6_mouse365_n_pixels50_lissage_sigma4_tauRNN0.33_dtFactor2_g0.8_ampInWN0.01_P01_nRunTrain200_use_global_regressionTrue.pkl,4,5,0.25
84,6,6,365,75,442,6,12.0,0.08333333333333333,2,0.041666666666666664,0.12626262626262624,2,0.16666666666666666,0.39249999999999996,0.33,0.8,1.0,0.1,0.01,200,5,False,False,3.9278531925590747e-07,0.0,0.44617277703689684,0.44617277703689684,20.730008424253498,20.730008424253498,0.44464468016257575,0.44464468016257575,0.44617277703689684,0.0,0.44617277703689684,0.44617277703689684,20.785867105659655,20.785867105659655,20.730008424253498,0.0,20.730008424253498,20.730008424253498,480.0,1379.0712413787842,done,,results/narval_screening_preprocessing_m6/1506925/config084_C6_M6_mouse365_n_pixels75_lissage_sigma2_tauRNN0.33_dtFactor2_g0.8_ampInWN0.01_P01_nRunTrain200_use_global_regressionFalse.pkl,2,5,0.25
85,6,6,365,75,442,6,12.0,0.08333333333333333,2,0.041666666666666664,0.12626262626262624,2,0.16666666666666666,0.39249999999999996,0.33,0.8,1.0,0.1,0.01,200,5,True,False,3.9278531925590747e-07,0.0,0.4155800270833083,0.4155800270833083,9.397386853318553,9.397386853318553,0.4149417961385935,0.4149417961385935,0.4155800270833083,0.0,0.4155800270833083,0.4155800270833083,9.40566314764817,9.40566314764817,9.397386853318553,0.0,9.397386853318553,9.397386853318553,480.0,1369.521356344223,done,,results/narval_screening_preprocessing_m6/1506925/config085_C6_M6_mouse365_n_pixels75_lissage_sigma2_tauRNN0.33_dtFactor2_g0.8_ampInWN0.01_P01_nRunTrain200_use_global_regressionTrue.pkl,2,5,0.25
86,6,6,365,75,442,6,12.0,0.08333333333333333,2,0.041666666666666664,0.12626262626262624,4,0.3333333333333333,0.7849999999999999,0.33,0.8,1.0,0.1,0.01,200,5,False,False,3.9278531925590747e-07,0.0,0.5418670147001768,0.5418670147001768,16.84560546804212,16.84560546804212,0.5415776370619011,0.5415776370619011,0.5418670147001768,0.0,0.5418670147001768,0.5418670147001768,16.853640427361547,16.853640427361547,16.84560546804212,0.0,16.84560546804212,16.84560546804212,480.0,1397.743884086609,done,,results/narval_screening_preprocessing_m6/1506925/config086_C6_M6_mouse365_n_pixels75_lissage_sigma4_tauRNN0.33_dtFactor2_g0.8_ampInWN0.01_P01_nRunTrain200_use_global_regressionFalse.pkl,4,5,0.25
87,6,6,365,75,442,6,12.0,0.08333333333333333,2,0.041666666666666664,0.12626262626262624,4,0.3333333333333333,0.7849999999999999,0.33,0.8,1.0,0.1,0.01,200,5,True,False,3.9278531925590747e-07,0.0,0.5782006821412616,0.5782006821412616,7.056023555474346,7.056023555474346,0.5774150973926726,0.5774150973926726,0.5782006821412616,0.0,0.5782006821412616,0.5782006821412616,7.066042196155962,7.066042196155962,7.056023555474345,8.881784197001252e-16,7.056023555474346,7.056023555474346,480.0,1383.5097575187683,done,,results/narval_screening_preprocessing_m6/1506925/config087_C6_M6_mouse365_n_pixels75_lissage_sigma4_tauRNN0.33_dtFactor2_g0.8_ampInWN0.01_P01_nRunTrain200_use_global_regressionTrue.pkl,4,5,0.25
88,6,6,365,100,332,6,12.0,0.08333333333333333,2,0.041666666666666664,0.12626262626262624,2,0.16666666666666666,0.39249999999999996,0.33,0.8,1.0,0.1,0.01,200,5,False,False,5.229250334672022e-07,0.0,0.4064846750805675,0.40527350265938067,22.491092440723776,22.715805959218095,0.4064846750805675,0.40317365435114505,0.40527350265938067,0.0,0.40527350265938067,0.40527350265938067,22.491092440723776,22.79590793738534,22.715805959218095,0.0,22.715805959218095,22.715805959218095,480.0,841.656665802002,done,,results/narval_screening_preprocessing_m6/1506925/config088_C6_M6_mouse365_n_pixels100_lissage_sigma2_tauRNN0.33_dtFactor2_g0.8_ampInWN0.01_P01_nRunTrain200_use_global_regressionFalse.pkl,2,5,0.25
89,6,6,365,100,332,6,12.0,0.08333333333333333,2,0.041666666666666664,0.12626262626262624,2,0.16666666666666666,0.39249999999999996,0.33,0.8,1.0,0.1,0.01,200,5,True,False,5.229250334672022e-07,0.0,0.37353602926165264,0.37353602926165264,9.086665564233185,9.086665564233185,0.3730502751597464,0.3730502751597464,0.37353602926165264,0.0,0.37353602926165264,0.37353602926165264,9.092322233369993,9.092322233369993,9.086665564233185,0.0,9.086665564233185,9.086665564233185,480.0,830.2875778675079,done,,results/narval_screening_preprocessing_m6/1506925/config089_C6_M6_mouse365_n_pixels100_lissage_sigma2_tauRNN0.33_dtFactor2_g0.8_ampInWN0.01_P01_nRunTrain200_use_global_regressionTrue.pkl,2,5,0.25
90,6,6,365,100,332,6,12.0,0.08333333333333333,2,0.041666666666666664,0.12626262626262624,4,0.3333333333333333,0.7849999999999999,0.33,0.8,1.0,0.1,0.01,200,5,False,False,5.229250334672022e-07,0.0,0.5141327165523923,0.5141327165523923,18.353178860258907,18.353178860258907,0.5129468259446721,0.5129468259446721,0.5141327165523923,0.0,0.5141327165523923,0.5141327165523923,18.395761305019988,18.395761305019988,18.353178860258907,0.0,18.353178860258907,18.353178860258907,480.0,860.5966191291809,done,,results/narval_screening_preprocessing_m6/1506925/config090_C6_M6_mouse365_n_pixels100_lissage_sigma4_tauRNN0.33_dtFactor2_g0.8_ampInWN0.01_P01_nRunTrain200_use_global_regressionFalse.pkl,4,5,0.25
91,6,6,365,100,332,6,12.0,0.08333333333333333,2,0.041666666666666664,0.12626262626262624,4,0.3333333333333333,0.7849999999999999,0.33,0.8,1.0,0.1,0.01,200,5,True,False,5.229250334672022e-07,0.0,0.48043160639751425,0.48043160639751425,9.373403983669474,9.376391186062207,0.47992851476481835,0.47992851476481835,0.48043160639751425,0.0,0.48043160639751425,0.48043160639751425,9.373403983669474,9.383497089870145,9.376391186062207,0.0,9.376391186062207,9.376391186062207,480.0,832.8261961936951,done,,results/narval_screening_preprocessing_m6/1506925/config091_C6_M6_mouse365_n_pixels100_lissage_sigma4_tauRNN0.33_dtFactor2_g0.8_ampInWN0.01_P01_nRunTrain200_use_global_regressionTrue.pkl,4,5,0.25
92,6,6,365,150,222,6,12.0,0.08333333333333333,2,0.041666666666666664,0.12626262626262624,2,0.16666666666666666,0.39249999999999996,0.33,0.8,1.0,0.1,0.01,200,5,False,False,7.820320320320321e-07,0.0,0.2892679326787153,0.2781589689293402,28.672763650159233,29.15542694511527,0.2892679326787153,0.2771826038240174,0.2781589689293402,0.0,0.2781589689293402,0.2781589689293402,28.672763650159233,29.19277551517887,29.155426945115273,3.552713678800501e-15,29.15542694511527,29.15542694511527,480.0,419.74464178085327,done,,results/narval_screening_preprocessing_m6/1506925/config092_C6_M6_mouse365_n_pixels150_lissage_sigma2_tauRNN0.33_dtFactor2_g0.8_ampInWN0.01_P01_nRunTrain200_use_global_regressionFalse.pkl,2,5,0.25
93,6,6,365,150,222,6,12.0,0.08333333333333333,2,0.041666666666666664,0.12626262626262624,2,0.16666666666666666,0.39249999999999996,0.33,0.8,1.0,0.1,0.01,200,5,True,False,7.820320320320321e-07,0.0,0.27926531817482225,0.27926531817482225,10.167619039391539,10.167619039391539,0.2789252645504334,0.2789252645504334,0.27926531817482225,0.0,0.27926531817482225,0.27926531817482225,10.171545770961036,10.171545770961036,10.167619039391539,0.0,10.167619039391539,10.167619039391539,480.0,426.9141094684601,done,,results/narval_screening_preprocessing_m6/1506925/config093_C6_M6_mouse365_n_pixels150_lissage_sigma2_tauRNN0.33_dtFactor2_g0.8_ampInWN0.01_P01_nRunTrain200_use_global_regressionTrue.pkl,2,5,0.25
94,6,6,365,150,222,6,12.0,0.08333333333333333,2,0.041666666666666664,0.12626262626262624,4,0.3333333333333333,0.7849999999999999,0.33,0.8,1.0,0.1,0.01,200,5,False,False,7.820320320320321e-07,0.0,0.3882052922286773,0.3881303389909707,24.002740170598262,24.01227948124877,0.3882052922286773,0.3881873624407469,0.3881303389909707,0.0,0.3881303389909707,0.3881303389909707,24.002740170598262,24.00833828675468,24.01227948124877,0.0,24.01227948124877,24.01227948124877,480.0,425.83649158477783,done,,results/narval_screening_preprocessing_m6/1506925/config094_C6_M6_mouse365_n_pixels150_lissage_sigma4_tauRNN0.33_dtFactor2_g0.8_ampInWN0.01_P01_nRunTrain200_use_global_regressionFalse.pkl,4,5,0.25
95,6,6,365,150,222,6,12.0,0.08333333333333333,2,0.041666666666666664,0.12626262626262624,4,0.3333333333333333,0.7849999999999999,0.33,0.8,1.0,0.1,0.01,200,5,True,False,7.820320320320321e-07,0.0,0.35500676321051594,0.35500676321051594,11.298725812069108,11.298725812069108,0.3544039228254179,0.3544039228254179,0.35500676321051594,0.0,0.35500676321051594,0.35500676321051594,11.307520878221169,11.307520878221169,11.298725812069108,0.0,11.298725812069108,11.298725812069108,480.0,1203.7485234737396,done,,results/narval_screening_preprocessing_m6/1506925/config095_C6_M6_mouse365_n_pixels150_lissage_sigma4_tauRNN0.33_dtFactor2_g0.8_ampInWN0.01_P01_nRunTrain200_use_global_regressionTrue.pkl,4,5,0.25
96,6,6,365,200,167,6,12.0,0.08333333333333333,2,0.041666666666666664,0.12626262626262624,2,0.16666666666666666,0.39249999999999996,0.33,0.8,1.0,0.1,0.01,200,5,False,False,1.0395874916833e-06,0.0,0.19253618080346213,0.1493322772013228,33.897310656318766,35.74437311669442,0.19253618080346213,0.14992060967110443,0.1493322772013228,0.0,0.1493322772013228,0.1493322772013228,33.897310656318766,35.71744847564458,35.74437311669442,0.0,35.74437311669442,35.74437311669442,480.0,272.7478151321411,done,,results/narval_screening_preprocessing_m6/1506925/config096_C6_M6_mouse365_n_pixels200_lissage_sigma2_tauRNN0.33_dtFactor2_g0.8_ampInWN0.01_P01_nRunTrain200_use_global_regressionFalse.pkl,2,5,0.25
97,6,6,365,200,167,6,12.0,0.08333333333333333,2,0.041666666666666664,0.12626262626262624,2,0.16666666666666666,0.39249999999999996,0.33,0.8,1.0,0.1,0.01,200,5,True,False,1.0395874916833e-06,0.0,0.21156046845251542,0.20711112668520248,14.743077237013612,14.835560348288713,0.21156046845251542,0.20672156921775564,0.2071111266852025,2.7755575615628914e-17,0.20711112668520248,0.20711112668520248,14.743077237013612,14.841759444711284,14.835560348288713,0.0,14.835560348288713,14.835560348288713,480.0,279.4905891418457,done,,results/narval_screening_preprocessing_m6/1506925/config097_C6_M6_mouse365_n_pixels200_lissage_sigma2_tauRNN0.33_dtFactor2_g0.8_ampInWN0.01_P01_nRunTrain200_use_global_regressionTrue.pkl,2,5,0.25
98,6,6,365,200,167,6,12.0,0.08333333333333333,2,0.041666666666666664,0.12626262626262624,4,0.3333333333333333,0.7849999999999999,0.33,0.8,1.0,0.1,0.01,200,5,False,False,1.0395874916833e-06,0.0,0.23054340463955847,0.23039871143270163,31.520402076055007,31.528340726585473,0.23054340463955847,0.23054340463955847,0.23039871143270166,2.7755575615628914e-17,0.23039871143270163,0.23039871143270163,31.520402076055007,31.520402076055007,31.528340726585476,3.552713678800501e-15,31.528340726585473,31.528340726585473,480.0,277.32795882225037,done,,results/narval_screening_preprocessing_m6/1506925/config098_C6_M6_mouse365_n_pixels200_lissage_sigma4_tauRNN0.33_dtFactor2_g0.8_ampInWN0.01_P01_nRunTrain200_use_global_regressionFalse.pkl,4,5,0.25
99,6,6,365,200,167,6,12.0,0.08333333333333333,2,0.041666666666666664,0.12626262626262624,4,0.3333333333333333,0.7849999999999999,0.33,0.8,1.0,0.1,0.01,200,5,True,False,1.0395874916833e-06,0.0,0.27154743778265533,0.27154743778265533,15.086934684874882,15.086934684874882,0.2709577437653893,0.2709577437653893,0.27154743778265533,0.0,0.27154743778265533,0.27154743778265533,15.097511171098034,15.097511171098034,15.086934684874882,0.0,15.086934684874882,15.086934684874882,480.0,300.17576575279236,done,,results/narval_screening_preprocessing_m6/1506925/config099_C6_M6_mouse365_n_pixels200_lissage_sigma4_tauRNN0.33_dtFactor2_g0.8_ampInWN0.01_P01_nRunTrain200_use_global_regressionTrue.pkl,4,5,0.25
100,6,6,367,50,635,6,12.0,0.08333333333333333,2,0.041666666666666664,0.12626262626262624,2,0.16666666666666666,0.39249999999999996,0.33,0.8,1.0,0.1,0.01,200,5,False,False,2.7340332458442694e-07,0.0,0.6400937241600038,0.6400937241600038,14.483787196750324,14.483787196750324,0.6395172616563003,0.6395172616563003,0.6400937241600038,0.0,0.6400937241600038,0.6400937241600038,14.504037641231275,14.504037641231275,14.483787196750324,0.0,14.483787196750324,14.483787196750324,480.0,3421.082102537155,done,,results/narval_screening_preprocessing_m6/1506925/config100_C6_M6_mouse367_n_pixels50_lissage_sigma2_tauRNN0.33_dtFactor2_g0.8_ampInWN0.01_P01_nRunTrain200_use_global_regressionFalse.pkl,2,5,0.25
101,6,6,367,50,635,6,12.0,0.08333333333333333,2,0.041666666666666664,0.12626262626262624,2,0.16666666666666666,0.39249999999999996,0.33,0.8,1.0,0.1,0.01,200,5,True,False,2.7340332458442694e-07,0.0,0.5295907257896908,0.5295907257896908,3.8815671649624877,3.8815671649624877,0.5288630933556682,0.5288630933556682,0.5295907257896908,0.0,0.5295907257896908,0.5295907257896908,3.887291125407846,3.887291125407846,3.8815671649624877,0.0,3.8815671649624877,3.8815671649624877,480.0,3323.6780574321747,done,,results/narval_screening_preprocessing_m6/1506925/config101_C6_M6_mouse367_n_pixels50_lissage_sigma2_tauRNN0.33_dtFactor2_g0.8_ampInWN0.01_P01_nRunTrain200_use_global_regressionTrue.pkl,2,5,0.25
102,6,6,367,50,635,6,12.0,0.08333333333333333,2,0.041666666666666664,0.12626262626262624,4,0.3333333333333333,0.7849999999999999,0.33,0.8,1.0,0.1,0.01,200,5,False,False,2.7340332458442694e-07,0.0,0.7527749400558963,0.7527749400558963,9.01553450263603,9.01553450263603,0.7523131861687176,0.7523131861687176,0.7527749400558963,0.0,0.7527749400558963,0.7527749400558963,9.030867009962305,9.030867009962305,9.01553450263603,0.0,9.01553450263603,9.01553450263603,480.0,3316.185699224472,done,,results/narval_screening_preprocessing_m6/1506925/config102_C6_M6_mouse367_n_pixels50_lissage_sigma4_tauRNN0.33_dtFactor2_g0.8_ampInWN0.01_P01_nRunTrain200_use_global_regressionFalse.pkl,4,5,0.25
103,6,6,367,50,635,6,12.0,0.08333333333333333,2,0.041666666666666664,0.12626262626262624,4,0.3333333333333333,0.7849999999999999,0.33,0.8,1.0,0.1,0.01,200,5,True,False,2.7340332458442694e-07,0.0,0.6957805160177685,0.6957805160177685,2.07476235405034,2.07476235405034,0.6950842506644392,0.6950842506644392,0.6957805160177685,0.0,0.6957805160177685,0.6957805160177685,2.079285056532261,2.079285056532261,2.07476235405034,0.0,2.07476235405034,2.07476235405034,480.0,3318.016812801361,done,,results/narval_screening_preprocessing_m6/1506925/config103_C6_M6_mouse367_n_pixels50_lissage_sigma4_tauRNN0.33_dtFactor2_g0.8_ampInWN0.01_P01_nRunTrain200_use_global_regressionTrue.pkl,4,5,0.25
104,6,6,367,75,425,6,12.0,0.08333333333333333,2,0.041666666666666664,0.12626262626262624,2,0.16666666666666666,0.39249999999999996,0.33,0.8,1.0,0.1,0.01,200,5,False,False,4.0849673202614377e-07,0.0,0.5640817800648734,0.5640817800648734,23.864191679255722,23.864191679255722,0.5637971922837615,0.5637971922837615,0.5640817800648734,0.0,0.5640817800648734,0.5640817800648734,23.877190405860564,23.877190405860564,23.864191679255722,0.0,23.864191679255722,23.864191679255722,480.0,1277.6985018253326,done,,results/narval_screening_preprocessing_m6/1506925/config104_C6_M6_mouse367_n_pixels75_lissage_sigma2_tauRNN0.33_dtFactor2_g0.8_ampInWN0.01_P01_nRunTrain200_use_global_regressionFalse.pkl,2,5,0.25
105,6,6,367,75,425,6,12.0,0.08333333333333333,2,0.041666666666666664,0.12626262626262624,2,0.16666666666666666,0.39249999999999996,0.33,0.8,1.0,0.1,0.01,200,5,True,False,8.169934640522875e-07,0.0,0.40673732299537,0.40673732299537,9.774186288400836,9.774186288400836,0.4061403700854309,0.4061403700854309,0.40673732299537,0.0,0.40673732299537,0.40673732299537,9.78229746534206,9.78229746534206,9.774186288400836,0.0,9.774186288400836,9.774186288400836,480.0,1406.970189332962,done,,results/narval_screening_preprocessing_m6/1506925/config105_C6_M6_mouse367_n_pixels75_lissage_sigma2_tauRNN0.33_dtFactor2_g0.8_ampInWN0.01_P01_nRunTrain200_use_global_regressionTrue.pkl,2,5,0.25
106,6,6,367,75,425,6,12.0,0.08333333333333333,2,0.041666666666666664,0.12626262626262624,4,0.3333333333333333,0.7849999999999999,0.33,0.8,1.0,0.1,0.01,200,5,False,False,4.0849673202614377e-07,0.0,0.6032265606812078,0.6032265606812078,20.029124011924242,20.029124011924242,0.603031152426736,0.603031152426736,0.6032265606812078,0.0,0.6032265606812078,0.6032265606812078,20.034417137722993,20.034417137722993,20.029124011924242,0.0,20.029124011924242,20.029124011924242,480.0,1297.0774981975555,done,,results/narval_screening_preprocessing_m6/1506925/config106_C6_M6_mouse367_n_pixels75_lissage_sigma4_tauRNN0.33_dtFactor2_g0.8_ampInWN0.01_P01_nRunTrain200_use_global_regressionFalse.pkl,4,5,0.25
107,6,6,367,75,425,6,12.0,0.08333333333333333,2,0.041666666666666664,0.12626262626262624,4,0.3333333333333333,0.7849999999999999,0.33,0.8,1.0,0.1,0.01,200,5,True,False,4.0849673202614377e-07,0.0,0.5695795952720402,0.5695795952720402,6.107740415158521,6.107740415158521,0.568853001588069,0.568853001588069,0.5695795952720402,0.0,0.5695795952720402,0.5695795952720402,6.117103586752327,6.117103586752327,6.107740415158521,0.0,6.107740415158521,6.107740415158521,480.0,1273.1448693275452,done,,results/narval_screening_preprocessing_m6/1506925/config107_C6_M6_mouse367_n_pixels75_lissage_sigma4_tauRNN0.33_dtFactor2_g0.8_ampInWN0.01_P01_nRunTrain200_use_global_regressionTrue.pkl,4,5,0.25
108,6,6,367,100,320,6,12.0,0.08333333333333333,2,0.041666666666666664,0.12626262626262624,2,0.16666666666666666,0.39249999999999996,0.33,0.8,1.0,0.1,0.01,200,5,False,False,5.425347222222222e-07,0.0,0.4437377950269986,0.4437377950269986,30.37782242952622,30.37782242952622,0.4430448053533267,0.4430448053533267,0.4437377950269986,0.0,0.4437377950269986,0.4437377950269986,30.414953502162014,30.414953502162014,30.37782242952622,0.0,30.37782242952622,30.37782242952622,480.0,1035.5029332637787,done,,results/narval_screening_preprocessing_m6/1506925/config108_C6_M6_mouse367_n_pixels100_lissage_sigma2_tauRNN0.33_dtFactor2_g0.8_ampInWN0.01_P01_nRunTrain200_use_global_regressionFalse.pkl,2,5,0.25
109,6,6,367,100,320,6,12.0,0.08333333333333333,2,0.041666666666666664,0.12626262626262624,2,0.16666666666666666,0.39249999999999996,0.33,0.8,1.0,0.1,0.01,200,5,True,False,5.425347222222222e-07,0.0,0.33450556090848904,0.33450556090848904,12.670939975934841,12.677274460506888,0.3344954375031888,0.3339840956505745,0.33450556090848904,0.0,0.33450556090848904,0.33450556090848904,12.670939975934841,12.685297121124377,12.677274460506888,0.0,12.677274460506888,12.677274460506888,480.0,1055.8001465797424,done,,results/narval_screening_preprocessing_m6/1506925/config109_C6_M6_mouse367_n_pixels100_lissage_sigma2_tauRNN0.33_dtFactor2_g0.8_ampInWN0.01_P01_nRunTrain200_use_global_regressionTrue.pkl,2,5,0.25
110,6,6,367,100,320,6,12.0,0.08333333333333333,2,0.041666666666666664,0.12626262626262624,4,0.3333333333333333,0.7849999999999999,0.33,0.8,1.0,0.1,0.01,200,5,False,False,1.0850694444444444e-06,0.0,0.5440611554029489,0.5370139669938243,23.74079219601896,24.088819871729736,0.5440611554029489,0.5362935144166103,0.5370139669938243,0.0,0.5370139669938243,0.5370139669938243,23.74079219601896,24.12310526394027,24.088819871729736,0.0,24.088819871729736,24.088819871729736,480.0,1062.3368985652924,done,,results/narval_screening_preprocessing_m6/1506925/config110_C6_M6_mouse367_n_pixels100_lissage_sigma4_tauRNN0.33_dtFactor2_g0.8_ampInWN0.01_P01_nRunTrain200_use_global_regressionFalse.pkl,4,5,0.25
111,6,6,367,100,320,6,12.0,0.08333333333333333,2,0.041666666666666664,0.12626262626262624,4,0.3333333333333333,0.7849999999999999,0.33,0.8,1.0,0.1,0.01,200,5,True,False,5.425347222222222e-07,0.0,0.4280580579333938,0.4280580579333938,10.30364789140514,10.30364789140514,0.4271287501293787,0.4271287501293787,0.4280580579333938,0.0,0.4280580579333938,0.4280580579333938,10.318684171756544,10.318684171756544,10.30364789140514,0.0,10.30364789140514,10.30364789140514,480.0,1149.5373785495758,done,,results/narval_screening_preprocessing_m6/1506925/config111_C6_M6_mouse367_n_pixels100_lissage_sigma4_tauRNN0.33_dtFactor2_g0.8_ampInWN0.01_P01_nRunTrain200_use_global_regressionTrue.pkl,4,5,0.25
112,6,6,367,150,215,6,12.0,0.08333333333333333,2,0.041666666666666664,0.12626262626262624,2,0.16666666666666666,0.39249999999999996,0.33,0.8,1.0,0.1,0.01,200,5,False,False,1.6149870801033591e-06,0.0,0.3437753981203725,0.3411552430763304,40.37280033215045,40.48433783816607,0.3437753981203725,0.34030153677421837,0.3411552430763304,0.0,0.3411552430763304,0.3411552430763304,40.37280033215045,40.536615667213006,40.48433783816607,0.0,40.48433783816607,40.48433783816607,480.0,418.15094089508057,done,,results/narval_screening_preprocessing_m6/1506925/config112_C6_M6_mouse367_n_pixels150_lissage_sigma2_tauRNN0.33_dtFactor2_g0.8_ampInWN0.01_P01_nRunTrain200_use_global_regressionFalse.pkl,2,5,0.25
113,6,6,367,150,215,6,12.0,0.08333333333333333,2,0.041666666666666664,0.12626262626262624,2,0.16666666666666666,0.39249999999999996,0.33,0.8,1.0,0.1,0.01,200,5,True,False,8.074935400516796e-07,0.0,0.23446489692731787,0.23322450783302728,24.804823256576068,24.838258090632035,0.23446489692731787,0.23237779493025135,0.23322450783302728,0.0,0.23322450783302728,0.23322450783302728,24.804823256576068,24.863915696910727,24.838258090632035,0.0,24.838258090632035,24.838258090632035,480.0,392.83617520332336,done,,results/narval_screening_preprocessing_m6/1506925/config113_C6_M6_mouse367_n_pixels150_lissage_sigma2_tauRNN0.33_dtFactor2_g0.8_ampInWN0.01_P01_nRunTrain200_use_global_regressionTrue.pkl,2,5,0.25
114,6,6,367,150,215,6,12.0,0.08333333333333333,2,0.041666666666666664,0.12626262626262624,4,0.3333333333333333,0.7849999999999999,0.33,0.8,1.0,0.1,0.01,200,5,False,False,8.074935400516796e-07,0.0,0.3862236206124855,0.38398463822794626,36.34732997265555,36.51586892236713,0.3862236206124855,0.3833295589157776,0.38398463822794626,0.0,0.38398463822794626,0.38398463822794626,36.34732997265555,36.551591103286185,36.51586892236713,0.0,36.51586892236713,36.51586892236713,480.0,526.534814119339,done,,results/narval_screening_preprocessing_m6/1506925/config114_C6_M6_mouse367_n_pixels150_lissage_sigma4_tauRNN0.33_dtFactor2_g0.8_ampInWN0.01_P01_nRunTrain200_use_global_regressionFalse.pkl,4,5,0.25
115,6,6,367,150,215,6,12.0,0.08333333333333333,2,0.041666666666666664,0.12626262626262624,4,0.3333333333333333,0.7849999999999999,0.33,0.8,1.0,0.1,0.01,200,5,True,False,8.074935400516796e-07,0.0,0.3102283095853726,0.3102283095853726,21.542269331634596,21.542269331634596,0.309501351634463,0.309501351634463,0.3102283095853726,0.0,0.3102283095853726,0.3102283095853726,21.56178047018348,21.56178047018348,21.542269331634596,0.0,21.542269331634596,21.542269331634596,480.0,409.8198432922363,done,,results/narval_screening_preprocessing_m6/1506925/config115_C6_M6_mouse367_n_pixels150_lissage_sigma4_tauRNN0.33_dtFactor2_g0.8_ampInWN0.01_P01_nRunTrain200_use_global_regressionTrue.pkl,4,5,0.25
116,6,6,367,200,162,6,12.0,0.08333333333333333,2,0.041666666666666664,0.12626262626262624,2,0.16666666666666666,0.39249999999999996,0.33,0.8,1.0,0.1,0.01,200,5,False,False,2.1433470507544583e-06,0.0,0.29183616561013825,0.2910209603442764,48.104383536388596,48.156362116349456,0.29183616561013825,0.29041390366231146,0.2910209603442764,0.0,0.2910209603442764,0.2910209603442764,48.104383536388596,48.1943277563937,48.156362116349456,0.0,48.156362116349456,48.156362116349456,480.0,271.33038210868835,done,,results/narval_screening_preprocessing_m6/1506925/config116_C6_M6_mouse367_n_pixels200_lissage_sigma2_tauRNN0.33_dtFactor2_g0.8_ampInWN0.01_P01_nRunTrain200_use_global_regressionFalse.pkl,2,5,0.25
117,6,6,367,200,162,6,12.0,0.08333333333333333,2,0.041666666666666664,0.12626262626262624,2,0.16666666666666666,0.39249999999999996,0.33,0.8,1.0,0.1,0.01,200,5,True,False,1.0716735253772291e-06,0.0,0.20066416914460405,0.20066416914460405,25.76640293027613,25.76640293027613,0.20021288995132613,0.20021288995132613,0.20066416914460405,0.0,0.20066416914460405,0.20066416914460405,25.767491491029393,25.778481826666756,25.766402930276126,3.552713678800501e-15,25.76640293027613,25.76640293027613,480.0,276.9397187232971,done,,results/narval_screening_preprocessing_m6/1506925/config117_C6_M6_mouse367_n_pixels200_lissage_sigma2_tauRNN0.33_dtFactor2_g0.8_ampInWN0.01_P01_nRunTrain200_use_global_regressionTrue.pkl,2,5,0.25
118,6,6,367,200,162,6,12.0,0.08333333333333333,2,0.041666666666666664,0.12626262626262624,4,0.3333333333333333,0.7849999999999999,0.33,0.8,1.0,0.1,0.01,200,5,False,False,2.1433470507544583e-06,0.0,0.2661651639686653,0.2661651639686653,46.729260151920066,46.729260151920066,0.2650797592601426,0.2650797592601426,0.2661651639686653,0.0,0.2661651639686653,0.2661651639686653,46.79738420589221,46.79738420589221,46.729260151920066,0.0,46.729260151920066,46.729260151920066,480.0,258.9260766506195,done,,results/narval_screening_preprocessing_m6/1506925/config118_C6_M6_mouse367_n_pixels200_lissage_sigma4_tauRNN0.33_dtFactor2_g0.8_ampInWN0.01_P01_nRunTrain200_use_global_regressionFalse.pkl,4,5,0.25
119,6,6,367,200,162,6,12.0,0.08333333333333333,2,0.041666666666666664,0.12626262626262624,4,0.3333333333333333,0.7849999999999999,0.33,0.8,1.0,0.1,0.01,200,5,True,False,1.0716735253772291e-06,0.0,0.2594698263421985,0.2594698263421985,22.680256853746744,22.680256853746744,0.2589105616517363,0.2589105616517363,0.2594698263421985,0.0,0.2594698263421985,0.2594698263421985,22.695209553709773,22.695209553709773,22.680256853746744,0.0,22.680256853746744,22.680256853746744,480.0,257.94605565071106,done,,results/narval_screening_preprocessing_m6/1506925/config119_C6_M6_mouse367_n_pixels200_lissage_sigma4_tauRNN0.33_dtFactor2_g0.8_ampInWN0.01_P01_nRunTrain200_use_global_regressionTrue.pkl,4,5,0.25
120,6,6,374,50,666,6,12.0,0.08333333333333333,2,0.041666666666666664,0.12626262626262624,2,0.16666666666666666,0.39249999999999996,0.33,0.8,1.0,0.1,0.01,200,5,False,False,2.6067734401067736e-07,0.0,0.4807364497162844,0.4807364497162844,26.020482763111655,26.020482763111655,0.4797352033229817,0.4797352033229817,0.4807364497162844,0.0,0.4807364497162844,0.4807364497162844,26.06015610358804,26.06015610358804,26.02048276311165,3.552713678800501e-15,26.020482763111655,26.020482763111655,480.0,4287.885829925537,done,,results/narval_screening_preprocessing_m6/1506925/config120_C6_M6_mouse374_n_pixels50_lissage_sigma2_tauRNN0.33_dtFactor2_g0.8_ampInWN0.01_P01_nRunTrain200_use_global_regressionFalse.pkl,2,5,0.25
121,6,6,374,50,666,6,12.0,0.08333333333333333,2,0.041666666666666664,0.12626262626262624,2,0.16666666666666666,0.39249999999999996,0.33,0.8,1.0,0.1,0.01,200,5,True,False,2.6067734401067736e-07,0.0,0.46149875942449403,0.4511628556664339,12.373231810672019,12.648033262092047,0.46149875942449403,0.4501923055444159,0.4511628556664339,0.0,0.4511628556664339,0.4511628556664339,12.373231810672019,12.667873684969836,12.648033262092047,0.0,12.648033262092047,12.648033262092047,480.0,4362.1051523685455,done,,results/narval_screening_preprocessing_m6/1506925/config121_C6_M6_mouse374_n_pixels50_lissage_sigma2_tauRNN0.33_dtFactor2_g0.8_ampInWN0.01_P01_nRunTrain200_use_global_regressionTrue.pkl,2,5,0.25
122,6,6,374,50,666,6,12.0,0.08333333333333333,2,0.041666666666666664,0.12626262626262624,4,0.3333333333333333,0.7849999999999999,0.33,0.8,1.0,0.1,0.01,200,5,False,False,2.6067734401067736e-07,0.0,0.7050978460819887,0.704295618927826,12.755000978462897,12.89195329290107,0.7050978460819887,0.7039068662097715,0.704295618927826,0.0,0.704295618927826,0.704295618927826,12.755000978462897,12.903543207017057,12.89195329290107,0.0,12.89195329290107,12.89195329290107,480.0,4080.5264101028442,done,,results/narval_screening_preprocessing_m6/1506925/config122_C6_M6_mouse374_n_pixels50_lissage_sigma4_tauRNN0.33_dtFactor2_g0.8_ampInWN0.01_P01_nRunTrain200_use_global_regressionFalse.pkl,4,5,0.25
123,6,6,374,50,666,6,12.0,0.08333333333333333,2,0.041666666666666664,0.12626262626262624,4,0.3333333333333333,0.7849999999999999,0.33,0.8,1.0,0.1,0.01,200,5,True,False,2.6067734401067736e-07,0.0,0.6965092582161119,0.6965092582161119,7.775566915395095,7.775566915395095,0.6959132202817532,0.695564275281797,0.6965092582161119,0.0,0.6965092582161119,0.6965092582161119,7.7939037715700765,7.796367977348454,7.775566915395094,8.881784197001252e-16,7.775566915395095,7.775566915395095,480.0,4459.015664815903,done,,results/narval_screening_preprocessing_m6/1506925/config123_C6_M6_mouse374_n_pixels50_lissage_sigma4_tauRNN0.33_dtFactor2_g0.8_ampInWN0.01_P01_nRunTrain200_use_global_regressionTrue.pkl,4,5,0.25
124,6,6,374,75,444,6,12.0,0.08333333333333333,2,0.041666666666666664,0.12626262626262624,2,0.16666666666666666,0.39249999999999996,0.33,0.8,1.0,0.1,0.01,200,5,False,False,3.9101601601601603e-07,0.0,0.3249422437470372,0.3000972805177269,35.49595358567557,37.07932173490595,0.3249422437470372,0.2979715777559433,0.3000972805177269,0.0,0.3000972805177269,0.3000972805177269,35.49595358567557,37.18390376781721,37.07932173490595,0.0,37.07932173490595,37.07932173490595,480.0,1502.4493961334229,done,,results/narval_screening_preprocessing_m6/1506925/config124_C6_M6_mouse374_n_pixels75_lissage_sigma2_tauRNN0.33_dtFactor2_g0.8_ampInWN0.01_P01_nRunTrain200_use_global_regressionFalse.pkl,2,5,0.25
125,6,6,374,75,444,6,12.0,0.08333333333333333,2,0.041666666666666664,0.12626262626262624,2,0.16666666666666666,0.39249999999999996,0.33,0.8,1.0,0.1,0.01,200,5,True,False,3.9101601601601603e-07,0.0,0.3903841354663188,0.3903841354663188,14.175681798224257,14.175681798224257,0.38968762363172627,0.38968762363172627,0.3903841354663188,0.0,0.3903841354663188,0.3903841354663188,14.188008725715102,14.188008725715102,14.175681798224257,0.0,14.175681798224257,14.175681798224257,480.0,1503.9595715999603,done,,results/narval_screening_preprocessing_m6/1506925/config125_C6_M6_mouse374_n_pixels75_lissage_sigma2_tauRNN0.33_dtFactor2_g0.8_ampInWN0.01_P01_nRunTrain200_use_global_regressionTrue.pkl,2,5,0.25
126,6,6,374,75,444,6,12.0,0.08333333333333333,2,0.041666666666666664,0.12626262626262624,4,0.3333333333333333,0.7849999999999999,0.33,0.8,1.0,0.1,0.01,200,5,False,False,3.9101601601601603e-07,0.0,0.5822156822353397,0.5760812750236695,19.620773993915336,19.893812862068536,0.5822156822353397,0.5755868360398296,0.5760812750236695,0.0,0.5760812750236695,0.5760812750236695,19.620773993915336,19.90830933681034,19.893812862068536,0.0,19.893812862068536,19.893812862068536,480.0,1459.1969623565674,done,,results/narval_screening_preprocessing_m6/1506925/config126_C6_M6_mouse374_n_pixels75_lissage_sigma4_tauRNN0.33_dtFactor2_g0.8_ampInWN0.01_P01_nRunTrain200_use_global_regressionFalse.pkl,4,5,0.25
127,6,6,374,75,444,6,12.0,0.08333333333333333,2,0.041666666666666664,0.12626262626262624,4,0.3333333333333333,0.7849999999999999,0.33,0.8,1.0,0.1,0.01,200,5,True,False,3.9101601601601603e-07,0.0,0.535339780352863,0.535339780352863,12.765522729054272,12.765522729054272,0.5343575290854139,0.5343575290854139,0.535339780352863,0.0,0.535339780352863,0.535339780352863,12.789579508350727,12.789579508350727,12.765522729054272,0.0,12.765522729054272,12.765522729054272,480.0,1462.838950395584,done,,results/narval_screening_preprocessing_m6/1506925/config127_C6_M6_mouse374_n_pixels75_lissage_sigma4_tauRNN0.33_dtFactor2_g0.8_ampInWN0.01_P01_nRunTrain200_use_global_regressionTrue.pkl,4,5,0.25
128,6,6,374,100,334,6,12.0,0.08333333333333333,2,0.041666666666666664,0.12626262626262624,2,0.16666666666666666,0.39249999999999996,0.33,0.8,1.0,0.1,0.01,200,5,False,False,5.1979374584165e-07,0.0,0.31308706674317954,0.3130698535310388,38.448881627248966,38.454953846340096,0.31308706674317954,0.31308706674317954,0.3130698535310388,0.0,0.3130698535310388,0.3130698535310388,38.448881627248966,38.448881627248966,38.454953846340096,0.0,38.454953846340096,38.454953846340096,480.0,1054.6534819602966,done,,results/narval_screening_preprocessing_m6/1506925/config128_C6_M6_mouse374_n_pixels100_lissage_sigma2_tauRNN0.33_dtFactor2_g0.8_ampInWN0.01_P01_nRunTrain200_use_global_regressionFalse.pkl,2,5,0.25
129,6,6,374,100,334,6,12.0,0.08333333333333333,2,0.041666666666666664,0.12626262626262624,2,0.16666666666666666,0.39249999999999996,0.33,0.8,1.0,0.1,0.01,200,5,True,False,5.1979374584165e-07,0.0,0.32454688037791535,0.32440886405299363,17.20058955978694,17.20265209689715,0.32454688037791535,0.3237430914163888,0.32440886405299363,0.0,0.32440886405299363,0.32440886405299363,17.20058955978694,17.217116825702966,17.20265209689715,0.0,17.20265209689715,17.20265209689715,480.0,853.4245550632477,done,,results/narval_screening_preprocessing_m6/1506925/config129_C6_M6_mouse374_n_pixels100_lissage_sigma2_tauRNN0.33_dtFactor2_g0.8_ampInWN0.01_P01_nRunTrain200_use_global_regressionTrue.pkl,2,5,0.25
130,6,6,374,100,334,6,12.0,0.08333333333333333,2,0.041666666666666664,0.12626262626262624,4,0.3333333333333333,0.7849999999999999,0.33,0.8,1.0,0.1,0.01,200,5,False,False,5.1979374584165e-07,0.0,0.47410285515286965,0.4715520915737299,25.8405811570287,26.145721182005072,0.47410285515286965,0.4716465239011619,0.4715520915737299,0.0,0.4715520915737299,0.4715520915737299,25.8405811570287,26.128149295456453,26.14572118200507,3.552713678800501e-15,26.145721182005072,26.145721182005072,480.0,907.2887382507324,done,,results/narval_screening_preprocessing_m6/1506925/config130_C6_M6_mouse374_n_pixels100_lissage_sigma4_tauRNN0.33_dtFactor2_g0.8_ampInWN0.01_P01_nRunTrain200_use_global_regressionFalse.pkl,4,5,0.25
131,6,6,374,100,334,6,12.0,0.08333333333333333,2,0.041666666666666664,0.12626262626262624,4,0.3333333333333333,0.7849999999999999,0.33,0.8,1.0,0.1,0.01,200,5,True,False,5.1979374584165e-07,0.0,0.4785929299432631,0.4785929299432631,14.901757057564156,14.901757057564156,0.47759414843945713,0.47759414843945713,0.4785929299432631,0.0,0.4785929299432631,0.4785929299432631,14.925262225050135,14.925262225050135,14.901757057564158,1.7763568394002505e-15,14.901757057564156,14.901757057564156,480.0,933.6075158119202,done,,results/narval_screening_preprocessing_m6/1506925/config131_C6_M6_mouse374_n_pixels100_lissage_sigma4_tauRNN0.33_dtFactor2_g0.8_ampInWN0.01_P01_nRunTrain200_use_global_regressionTrue.pkl,4,5,0.25
132,6,6,374,150,223,6,12.0,0.08333333333333333,2,0.041666666666666664,0.12626262626262624,2,0.16666666666666666,0.39249999999999996,0.33,0.8,1.0,0.1,0.01,200,5,False,False,7.785251619332336e-07,0.0,0.20513425565748955,0.20513425565748955,49.79561779475771,49.79561779475771,0.20364736921212823,0.20364736921212823,0.20513425565748955,0.0,0.20513425565748955,0.20513425565748955,49.88909911779984,49.88909911779984,49.79561779475771,0.0,49.79561779475771,49.79561779475771,480.0,426.31147050857544,done,,results/narval_screening_preprocessing_m6/1506925/config132_C6_M6_mouse374_n_pixels150_lissage_sigma2_tauRNN0.33_dtFactor2_g0.8_ampInWN0.01_P01_nRunTrain200_use_global_regressionFalse.pkl,2,5,0.25
133,6,6,374,150,223,6,12.0,0.08333333333333333,2,0.041666666666666664,0.12626262626262624,2,0.16666666666666666,0.39249999999999996,0.33,0.8,1.0,0.1,0.01,200,5,True,False,7.785251619332336e-07,0.0,0.2388790752678288,0.23885666238019054,24.67786234034688,24.703760418376667,0.2388790752678288,0.23839835615915717,0.23885666238019052,2.7755575615628914e-17,0.23885666238019054,0.23885666238019054,24.67786234034688,24.716273646551254,24.703760418376667,0.0,24.703760418376667,24.703760418376667,480.0,436.0819091796875,done,,results/narval_screening_preprocessing_m6/1506925/config133_C6_M6_mouse374_n_pixels150_lissage_sigma2_tauRNN0.33_dtFactor2_g0.8_ampInWN0.01_P01_nRunTrain200_use_global_regressionTrue.pkl,2,5,0.25
134,6,6,374,150,223,6,12.0,0.08333333333333333,2,0.041666666666666664,0.12626262626262624,4,0.3333333333333333,0.7849999999999999,0.33,0.8,1.0,0.1,0.01,200,5,False,False,1.5570503238664673e-06,0.0,0.38614027080747726,0.367583008920063,33.43232836439972,34.61637149134048,0.38614027080747726,0.3678590027788168,0.367583008920063,0.0,0.367583008920063,0.367583008920063,33.43232836439972,34.59612957498496,34.61637149134048,0.0,34.61637149134048,34.61637149134048,480.0,435.064768075943,done,,results/narval_screening_preprocessing_m6/1506925/config134_C6_M6_mouse374_n_pixels150_lissage_sigma4_tauRNN0.33_dtFactor2_g0.8_ampInWN0.01_P01_nRunTrain200_use_global_regressionFalse.pkl,4,5,0.25
135,6,6,374,150,223,6,12.0,0.08333333333333333,2,0.041666666666666664,0.12626262626262624,4,0.3333333333333333,0.7849999999999999,0.33,0.8,1.0,0.1,0.01,200,5,True,False,7.785251619332336e-07,0.0,0.3462857897839047,0.3462857897839047,21.788332126165056,21.788332126165056,0.3456848865047186,0.3456848865047186,0.3462857897839047,0.0,0.3462857897839047,0.3462857897839047,21.804365449275203,21.804365449275203,21.788332126165056,0.0,21.788332126165056,21.788332126165056,480.0,455.07934856414795,done,,results/narval_screening_preprocessing_m6/1506925/config135_C6_M6_mouse374_n_pixels150_lissage_sigma4_tauRNN0.33_dtFactor2_g0.8_ampInWN0.01_P01_nRunTrain200_use_global_regressionTrue.pkl,4,5,0.25
136,6,6,374,200,169,6,12.0,0.08333333333333333,2,0.041666666666666664,0.12626262626262624,2,0.16666666666666666,0.39249999999999996,0.33,0.8,1.0,0.1,0.01,200,5,False,False,1.027284681130835e-06,0.0,0.1781106864006985,0.1781106864006985,52.006388933966406,52.006388933966406,0.17753469852782244,0.17753469852782244,0.1781106864006985,0.0,0.1781106864006985,0.1781106864006985,52.040673318913214,52.040673318913214,52.0063889339664,7.105427357601002e-15,52.006388933966406,52.006388933966406,480.0,285.3792955875397,done,,results/narval_screening_preprocessing_m6/1506925/config136_C6_M6_mouse374_n_pixels200_lissage_sigma2_tauRNN0.33_dtFactor2_g0.8_ampInWN0.01_P01_nRunTrain200_use_global_regressionFalse.pkl,2,5,0.25
137,6,6,374,200,169,6,12.0,0.08333333333333333,2,0.041666666666666664,0.12626262626262624,2,0.16666666666666666,0.39249999999999996,0.33,0.8,1.0,0.1,0.01,200,5,True,False,1.027284681130835e-06,0.0,0.20020396935546914,0.20020396935546914,28.322134628707406,28.322134628707406,0.1998825797035877,0.1998825797035877,0.20020396935546914,0.0,0.20020396935546914,0.20020396935546914,28.331579454561734,28.331579454561734,28.32213462870741,3.552713678800501e-15,28.322134628707406,28.322134628707406,480.0,286.30163311958313,done,,results/narval_screening_preprocessing_m6/1506925/config137_C6_M6_mouse374_n_pixels200_lissage_sigma2_tauRNN0.33_dtFactor2_g0.8_ampInWN0.01_P01_nRunTrain200_use_global_regressionTrue.pkl,2,5,0.25
138,6,6,374,200,169,6,12.0,0.08333333333333333,2,0.041666666666666664,0.12626262626262624,4,0.3333333333333333,0.7849999999999999,0.33,0.8,1.0,0.1,0.01,200,5,False,False,1.027284681130835e-06,0.0,0.3546139875879918,0.3492697050364725,37.20235541367019,37.601430205667164,0.3546139875879918,0.34922204476522434,0.3492697050364725,0.0,0.3492697050364725,0.3492697050364725,37.20235541367019,37.60084817447269,37.601430205667164,0.0,37.601430205667164,37.601430205667164,480.0,346.88351249694824,done,,results/narval_screening_preprocessing_m6/1506925/config138_C6_M6_mouse374_n_pixels200_lissage_sigma4_tauRNN0.33_dtFactor2_g0.8_ampInWN0.01_P01_nRunTrain200_use_global_regressionFalse.pkl,4,5,0.25
139,6,6,374,200,169,6,12.0,0.08333333333333333,2,0.041666666666666664,0.12626262626262624,4,0.3333333333333333,0.7849999999999999,0.33,0.8,1.0,0.1,0.01,200,5,True,False,1.027284681130835e-06,0.0,0.27326146561498477,0.27326146561498477,26.71553122421702,26.71553122421702,0.27265092755127085,0.27265092755127085,0.27326146561498477,0.0,0.27326146561498477,0.27326146561498477,26.736053128937648,26.736053128937648,26.715531224217024,3.552713678800501e-15,26.71553122421702,26.71553122421702,480.0,275.2076349258423,done,,results/narval_screening_preprocessing_m6/1506925/config139_C6_M6_mouse374_n_pixels200_lissage_sigma4_tauRNN0.33_dtFactor2_g0.8_ampInWN0.01_P01_nRunTrain200_use_global_regressionTrue.pkl,4,5,0.25
140,7,6,387,50,533,6,12.0,0.08333333333333333,2,0.041666666666666664,0.12626262626262624,2,0.16666666666666666,0.39249999999999996,0.33,0.8,1.0,0.1,0.01,200,5,False,False,3.2572441109026475e-07,0.0,0.45733555228247313,0.42945710448879726,16.884422676114507,17.823710912889506,0.45733555228247313,0.428877810098507,0.42945710448879726,0.0,0.42945710448879726,0.42945710448879726,16.884422676114507,17.838313750009373,17.823710912889506,0.0,17.823710912889506,17.823710912889506,480.0,4015.668089866638,done,,results/narval_screening_preprocessing_m6/1506925/config140_C7_M6_mouse387_n_pixels50_lissage_sigma2_tauRNN0.33_dtFactor2_g0.8_ampInWN0.01_P01_nRunTrain200_use_global_regressionFalse.pkl,2,5,0.25
141,7,6,387,50,533,6,12.0,0.08333333333333333,2,0.041666666666666664,0.12626262626262624,2,0.16666666666666666,0.39249999999999996,0.33,0.8,1.0,0.1,0.01,200,5,True,False,3.2572441109026475e-07,0.0,0.4550138273082551,-35.09764997707117,10.145684829685683,713.6827140413426,0.4550138273082551,0.4512015348892866,-35.09764997707117,0.0,-35.09764997707117,-35.09764997707117,10.145684829685683,10.193899927048463,713.6827140413426,0.0,713.6827140413426,713.6827140413426,480.0,2093.7721543312073,done,,results/narval_screening_preprocessing_m6/1506925/config141_C7_M6_mouse387_n_pixels50_lissage_sigma2_tauRNN0.33_dtFactor2_g0.8_ampInWN0.01_P01_nRunTrain200_use_global_regressionTrue.pkl,2,5,0.25
142,7,6,387,50,533,6,12.0,0.08333333333333333,2,0.041666666666666664,0.12626262626262624,4,0.3333333333333333,0.7849999999999999,0.33,0.8,1.0,0.1,0.01,200,5,False,False,6.514488221805295e-07,0.0,0.5715799242785649,0.5715799242785649,10.970574199721748,10.970574199721748,0.5706178583753386,0.5706178583753386,0.5715799242785649,0.0,0.5715799242785649,0.5715799242785649,10.991983176472756,10.991983176472756,10.970574199721748,0.0,10.970574199721748,10.970574199721748,480.0,2408.248722076416,done,,results/narval_screening_preprocessing_m6/1506925/config142_C7_M6_mouse387_n_pixels50_lissage_sigma4_tauRNN0.33_dtFactor2_g0.8_ampInWN0.01_P01_nRunTrain200_use_global_regressionFalse.pkl,4,5,0.25
143,7,6,387,50,533,6,12.0,0.08333333333333333,2,0.041666666666666664,0.12626262626262624,4,0.3333333333333333,0.7849999999999999,0.33,0.8,1.0,0.1,0.01,200,5,True,False,3.2572441109026475e-07,0.0,0.6453598499364138,0.6453598499364138,6.79183382490456,6.79183382490456,0.6441932680889573,0.6441932680889573,0.6453598499364138,0.0,0.6453598499364138,0.6453598499364138,6.812872162367614,6.812872162367614,6.79183382490456,0.0,6.79183382490456,6.79183382490456,480.0,2154.7705607414246,done,,results/narval_screening_preprocessing_m6/1506925/config143_C7_M6_mouse387_n_pixels50_lissage_sigma4_tauRNN0.33_dtFactor2_g0.8_ampInWN0.01_P01_nRunTrain200_use_global_regressionTrue.pkl,4,5,0.25
144,7,6,387,75,356,6,12.0,0.08333333333333333,2,0.041666666666666664,0.12626262626262624,2,0.16666666666666666,0.39249999999999996,0.33,0.8,1.0,0.1,0.01,200,5,False,False,4.876716604244694e-07,0.0,0.28466806725449245,0.2846675022949081,22.897332358242245,22.897332358242245,0.28466806725449245,0.2843525447217883,0.2846675022949081,0.0,0.2846675022949081,0.2846675022949081,22.90021371322906,22.90478310634017,22.897332358242245,0.0,22.897332358242245,22.897332358242245,480.0,967.1330342292786,done,,results/narval_screening_preprocessing_m6/1506925/config144_C7_M6_mouse387_n_pixels75_lissage_sigma2_tauRNN0.33_dtFactor2_g0.8_ampInWN0.01_P01_nRunTrain200_use_global_regressionFalse.pkl,2,5,0.25
145,7,6,387,75,356,6,12.0,0.08333333333333333,2,0.041666666666666664,0.12626262626262624,2,0.16666666666666666,0.39249999999999996,0.33,0.8,1.0,0.1,0.01,200,5,True,False,4.876716604244694e-07,0.0,0.35587398436346784,0.35052245986910346,10.779216146886691,10.863526858810596,0.35587398436346784,0.3497476941255676,0.35052245986910346,0.0,0.35052245986910346,0.35052245986910346,10.779216146886691,10.87490075589592,10.863526858810596,0.0,10.863526858810596,10.863526858810596,480.0,972.9794764518738,done,,results/narval_screening_preprocessing_m6/1506925/config145_C7_M6_mouse387_n_pixels75_lissage_sigma2_tauRNN0.33_dtFactor2_g0.8_ampInWN0.01_P01_nRunTrain200_use_global_regressionTrue.pkl,2,5,0.25
146,7,6,387,75,356,6,12.0,0.08333333333333333,2,0.041666666666666664,0.12626262626262624,4,0.3333333333333333,0.7849999999999999,0.33,0.8,1.0,0.1,0.01,200,5,False,False,4.876716604244694e-07,0.0,0.4404794681166112,0.43933278119563623,15.371216149482589,15.371801624614543,0.4404794681166112,0.4404794681166112,0.4393327811956363,5.551115123125783e-17,0.43933278119563623,0.43933278119563623,15.371216149482589,15.371216149482589,15.371801624614543,0.0,15.371801624614543,15.371801624614543,480.0,994.3066041469574,done,,results/narval_screening_preprocessing_m6/1506925/config146_C7_M6_mouse387_n_pixels75_lissage_sigma4_tauRNN0.33_dtFactor2_g0.8_ampInWN0.01_P01_nRunTrain200_use_global_regressionFalse.pkl,4,5,0.25
147,7,6,387,75,356,6,12.0,0.08333333333333333,2,0.041666666666666664,0.12626262626262624,4,0.3333333333333333,0.7849999999999999,0.33,0.8,1.0,0.1,0.01,200,5,True,False,9.753433208489388e-07,0.0,0.5107550562457366,0.5047866845810551,8.885405546222897,8.988031723953236,0.5107550562457366,0.5040515778463915,0.5047866845810551,0.0,0.5047866845810551,0.5047866845810551,8.885405546222897,9.002338574299024,8.988031723953236,0.0,8.988031723953236,8.988031723953236,480.0,964.3762381076813,done,,results/narval_screening_preprocessing_m6/1506925/config147_C7_M6_mouse387_n_pixels75_lissage_sigma4_tauRNN0.33_dtFactor2_g0.8_ampInWN0.01_P01_nRunTrain200_use_global_regressionTrue.pkl,4,5,0.25
148,7,6,387,100,267,6,12.0,0.08333333333333333,2,0.041666666666666664,0.12626262626262624,2,0.16666666666666666,0.39249999999999996,0.33,0.8,1.0,0.1,0.01,200,5,False,False,6.502288805659592e-07,0.0,0.25321786530787616,0.25321786530787616,26.185937731755722,26.185937731755722,0.2526185436023284,0.2526185436023284,0.25321786530787616,0.0,0.25321786530787616,0.25321786530787616,26.205836089118982,26.205836089118982,26.185937731755722,0.0,26.185937731755722,26.185937731755722,480.0,597.6232604980469,done,,results/narval_screening_preprocessing_m6/1506925/config148_C7_M6_mouse387_n_pixels100_lissage_sigma2_tauRNN0.33_dtFactor2_g0.8_ampInWN0.01_P01_nRunTrain200_use_global_regressionFalse.pkl,2,5,0.25
149,7,6,387,100,267,6,12.0,0.08333333333333333,2,0.041666666666666664,0.12626262626262624,2,0.16666666666666666,0.39249999999999996,0.33,0.8,1.0,0.1,0.01,200,5,True,False,6.502288805659592e-07,0.0,0.3048813799485932,0.3048813799485932,12.86979721400067,12.86979721400067,0.3046348014342488,0.3046348014342488,0.3048813799485932,0.0,0.3048813799485932,0.3048813799485932,12.872423316800777,12.872423316800777,12.86979721400067,0.0,12.86979721400067,12.86979721400067,480.0,611.0640466213226,done,,results/narval_screening_preprocessing_m6/1506925/config149_C7_M6_mouse387_n_pixels100_lissage_sigma2_tauRNN0.33_dtFactor2_g0.8_ampInWN0.01_P01_nRunTrain200_use_global_regressionTrue.pkl,2,5,0.25
150,7,6,387,100,267,6,12.0,0.08333333333333333,2,0.041666666666666664,0.12626262626262624,4,0.3333333333333333,0.7849999999999999,0.33,0.8,1.0,0.1,0.01,200,5,False,False,1.3004577611319185e-06,0.0,0.38963232689479455,0.38963232689479455,16.885974494942328,16.900345032907744,0.3884806021802957,0.3884806021802957,0.38963232689479455,0.0,0.38963232689479455,0.38963232689479455,16.885974494942328,16.932805967655735,16.900345032907744,0.0,16.900345032907744,16.900345032907744,480.0,620.1050133705139,done,,results/narval_screening_preprocessing_m6/1506925/config150_C7_M6_mouse387_n_pixels100_lissage_sigma4_tauRNN0.33_dtFactor2_g0.8_ampInWN0.01_P01_nRunTrain200_use_global_regressionFalse.pkl,4,5,0.25
151,7,6,387,100,267,6,12.0,0.08333333333333333,2,0.041666666666666664,0.12626262626262624,4,0.3333333333333333,0.7849999999999999,0.33,0.8,1.0,0.1,0.01,200,5,True,False,6.502288805659592e-07,0.0,0.42345629432439535,0.42345629432439535,11.221875340651152,11.221875340651152,0.42256991083329365,0.42256991083329365,0.42345629432439535,0.0,0.42345629432439535,0.42345629432439535,11.237773736307595,11.237773736307595,11.221875340651152,0.0,11.221875340651152,11.221875340651152,480.0,609.3317708969116,done,,results/narval_screening_preprocessing_m6/1506925/config151_C7_M6_mouse387_n_pixels100_lissage_sigma4_tauRNN0.33_dtFactor2_g0.8_ampInWN0.01_P01_nRunTrain200_use_global_regressionTrue.pkl,4,5,0.25
152,7,6,387,150,180,6,12.0,0.08333333333333333,2,0.041666666666666664,0.12626262626262624,2,0.16666666666666666,0.39249999999999996,0.33,0.8,1.0,0.1,0.01,200,5,False,False,9.645061728395062e-07,0.0,0.02603048788008122,-0.027689071614149352,33.68384462665609,35.38626603162672,0.02603048788008122,-0.02989241861220493,-0.027689071614149352,0.0,-0.027689071614149352,-0.027689071614149352,33.68384462665609,35.46279684419108,35.38626603162672,0.0,35.38626603162672,35.38626603162672,480.0,317.307612657547,done,,results/narval_screening_preprocessing_m6/1506925/config152_C7_M6_mouse387_n_pixels150_lissage_sigma2_tauRNN0.33_dtFactor2_g0.8_ampInWN0.01_P01_nRunTrain200_use_global_regressionFalse.pkl,2,5,0.25
153,7,6,387,150,180,6,12.0,0.08333333333333333,2,0.041666666666666664,0.12626262626262624,2,0.16666666666666666,0.39249999999999996,0.33,0.8,1.0,0.1,0.01,200,5,True,False,9.645061728395062e-07,0.0,0.22161470276055018,0.2189907391745214,13.795430462776276,13.86551188888136,0.22161470276055018,0.21854712989410296,0.2189907391745214,0.0,0.2189907391745214,0.2189907391745214,13.795430462776276,13.87226288192526,13.865511888881361,1.7763568394002505e-15,13.86551188888136,13.86551188888136,480.0,399.62561106681824,done,,results/narval_screening_preprocessing_m6/1506925/config153_C7_M6_mouse387_n_pixels150_lissage_sigma2_tauRNN0.33_dtFactor2_g0.8_ampInWN0.01_P01_nRunTrain200_use_global_regressionTrue.pkl,2,5,0.25
154,7,6,387,150,180,6,12.0,0.08333333333333333,2,0.041666666666666664,0.12626262626262624,4,0.3333333333333333,0.7849999999999999,0.33,0.8,1.0,0.1,0.01,200,5,False,False,9.645061728395062e-07,0.0,0.22640394788585327,0.2162914707438185,20.96888084791816,21.251280447164277,0.22640394788585327,0.21270987975978195,0.21629147074381852,2.7755575615628914e-17,0.2162914707438185,0.2162914707438185,20.96888084791816,21.35044418040889,21.251280447164277,0.0,21.251280447164277,21.251280447164277,480.0,324.50277829170227,done,,results/narval_screening_preprocessing_m6/1506925/config154_C7_M6_mouse387_n_pixels150_lissage_sigma4_tauRNN0.33_dtFactor2_g0.8_ampInWN0.01_P01_nRunTrain200_use_global_regressionFalse.pkl,4,5,0.25
155,7,6,387,150,180,6,12.0,0.08333333333333333,2,0.041666666666666664,0.12626262626262624,4,0.3333333333333333,0.7849999999999999,0.33,0.8,1.0,0.1,0.01,200,5,True,False,1.9290123456790124e-06,0.0,0.30217841926781297,0.30217841926781297,13.56420448175191,13.56420448175191,0.30142254993562145,0.30142254993562145,0.30217841926781297,0.0,0.30217841926781297,0.30217841926781297,13.577834128224367,13.577834128224367,13.56420448175191,0.0,13.56420448175191,13.56420448175191,480.0,337.2132189273834,done,,results/narval_screening_preprocessing_m6/1506925/config155_C7_M6_mouse387_n_pixels150_lissage_sigma4_tauRNN0.33_dtFactor2_g0.8_ampInWN0.01_P01_nRunTrain200_use_global_regressionTrue.pkl,4,5,0.25
156,7,6,387,200,135,6,12.0,0.08333333333333333,2,0.041666666666666664,0.12626262626262624,2,0.16666666666666666,0.39249999999999996,0.33,0.8,1.0,0.1,0.01,200,5,False,False,2.57201646090535e-06,0.0,0.09515145054395868,0.09515145054395868,38.51333686590987,38.51333686590987,0.09435852287444135,0.09435852287444135,0.09515145054395868,0.0,0.09515145054395868,0.09515145054395868,38.547434985829184,38.547434985829184,38.51333686590987,0.0,38.51333686590987,38.51333686590987,480.0,227.82550358772278,done,,results/narval_screening_preprocessing_m6/1506925/config156_C7_M6_mouse387_n_pixels200_lissage_sigma2_tauRNN0.33_dtFactor2_g0.8_ampInWN0.01_P01_nRunTrain200_use_global_regressionFalse.pkl,2,5,0.25
157,7,6,387,200,135,6,12.0,0.08333333333333333,2,0.041666666666666664,0.12626262626262624,2,0.16666666666666666,0.39249999999999996,0.33,0.8,1.0,0.1,0.01,200,5,True,False,1.286008230452675e-06,0.0,0.18586185864461968,0.18586185864461968,19.27820608860141,19.27820608860141,0.1856493260969142,0.1856493260969142,0.18586185864461968,0.0,0.18586185864461968,0.18586185864461968,19.28270099222235,19.28270099222235,19.27820608860141,0.0,19.27820608860141,19.27820608860141,480.0,231.5185945034027,done,,results/narval_screening_preprocessing_m6/1506925/config157_C7_M6_mouse387_n_pixels200_lissage_sigma2_tauRNN0.33_dtFactor2_g0.8_ampInWN0.01_P01_nRunTrain200_use_global_regressionTrue.pkl,2,5,0.25
158,7,6,387,200,135,6,12.0,0.08333333333333333,2,0.041666666666666664,0.12626262626262624,4,0.3333333333333333,0.7849999999999999,0.33,0.8,1.0,0.1,0.01,200,5,False,False,5.1440329218107e-06,0.0,0.12241875071419761,0.11982998688819702,31.968745055478774,32.07018792175802,0.12241875071419761,0.11830584090625129,0.11982998688819702,0.0,0.11982998688819702,0.11982998688819702,31.968745055478774,32.12641906442868,32.07018792175802,0.0,32.07018792175802,32.07018792175802,480.0,354.79783964157104,done,,results/narval_screening_preprocessing_m6/1506925/config158_C7_M6_mouse387_n_pixels200_lissage_sigma4_tauRNN0.33_dtFactor2_g0.8_ampInWN0.01_P01_nRunTrain200_use_global_regressionFalse.pkl,4,5,0.25
159,7,6,387,200,135,6,12.0,0.08333333333333333,2,0.041666666666666664,0.12626262626262624,4,0.3333333333333333,0.7849999999999999,0.33,0.8,1.0,0.1,0.01,200,5,True,False,1.286008230452675e-06,0.0,0.25908976540716766,0.25908976540716766,19.002049512217805,19.002049512217805,0.25889640133182257,0.25889640133182257,0.25908976540716766,0.0,0.25908976540716766,0.25908976540716766,19.005624977947758,19.005624977947758,19.002049512217805,0.0,19.002049512217805,19.002049512217805,480.0,226.20291686058044,done,,results/narval_screening_preprocessing_m6/1506925/config159_C7_M6_mouse387_n_pixels200_lissage_sigma4_tauRNN0.33_dtFactor2_g0.8_ampInWN0.01_P01_nRunTrain200_use_global_regressionTrue.pkl,4,5,0.25
160,7,6,396,50,705,6,12.0,0.08333333333333333,2,0.041666666666666664,0.12626262626262624,2,0.16666666666666666,0.39249999999999996,0.33,0.8,1.0,0.1,0.01,200,5,False,False,2.462568951930654e-07,0.0,0.5967903561539701,0.5967903561539701,9.393176321482988,9.393176321482988,0.5962771737457478,0.5962771737457478,0.5967903561539701,0.0,0.5967903561539701,0.5967903561539701,9.40493735630056,9.40493735630056,9.393176321482988,0.0,9.393176321482988,9.393176321482988,480.0,6154.216422557831,done,,results/narval_screening_preprocessing_m6/1506925/config160_C7_M6_mouse396_n_pixels50_lissage_sigma2_tauRNN0.33_dtFactor2_g0.8_ampInWN0.01_P01_nRunTrain200_use_global_regressionFalse.pkl,2,5,0.25
161,7,6,396,50,705,6,12.0,0.08333333333333333,2,0.041666666666666664,0.12626262626262624,2,0.16666666666666666,0.39249999999999996,0.33,0.8,1.0,0.1,0.01,200,5,True,False,2.462568951930654e-07,0.0,0.5469759230560212,0.5469759230560212,3.5869922064139796,3.5869922064139796,0.5463363425280197,0.5463363425280197,0.5469759230560212,0.0,0.5469759230560212,0.5469759230560212,3.591486917355235,3.591486917355235,3.58699220641398,4.440892098500626e-16,3.5869922064139796,3.5869922064139796,480.0,5820.892383337021,done,,results/narval_screening_preprocessing_m6/1506925/config161_C7_M6_mouse396_n_pixels50_lissage_sigma2_tauRNN0.33_dtFactor2_g0.8_ampInWN0.01_P01_nRunTrain200_use_global_regressionTrue.pkl,2,5,0.25
162,7,6,396,50,705,6,12.0,0.08333333333333333,2,0.041666666666666664,0.12626262626262624,4,0.3333333333333333,0.7849999999999999,0.33,0.8,1.0,0.1,0.01,200,5,False,False,2.462568951930654e-07,0.0,0.7118686375066852,0.7118686375066852,7.271016514022429,7.271016514022429,0.710939307782275,0.710939307782275,0.7118686375066852,0.0,0.7118686375066852,0.7118686375066852,7.293144984359868,7.293144984359868,7.271016514022429,0.0,7.271016514022429,7.271016514022429,480.0,5511.719445228577,done,,results/narval_screening_preprocessing_m6/1506925/config162_C7_M6_mouse396_n_pixels50_lissage_sigma4_tauRNN0.33_dtFactor2_g0.8_ampInWN0.01_P01_nRunTrain200_use_global_regressionFalse.pkl,4,5,0.25
163,7,6,396,50,705,6,12.0,0.08333333333333333,2,0.041666666666666664,0.12626262626262624,4,0.3333333333333333,0.7849999999999999,0.33,0.8,1.0,0.1,0.01,200,5,True,False,2.462568951930654e-07,0.0,0.7048362875115166,0.7048362875115166,3.608729878724769,3.608729878724769,0.7041541112890527,0.7033130427212528,0.7048362875115166,0.0,0.7048362875115166,0.7048362875115166,3.622189420196037,3.62570259446778,3.608729878724769,0.0,3.608729878724769,3.608729878724769,480.0,5550.583843946457,done,,results/narval_screening_preprocessing_m6/1506925/config163_C7_M6_mouse396_n_pixels50_lissage_sigma4_tauRNN0.33_dtFactor2_g0.8_ampInWN0.01_P01_nRunTrain200_use_global_regressionTrue.pkl,4,5,0.25
164,7,6,396,75,471,6,12.0,0.08333333333333333,2,0.041666666666666664,0.12626262626262624,2,0.16666666666666666,0.39249999999999996,0.33,0.8,1.0,0.1,0.01,200,5,False,False,3.686010851615947e-07,0.0,0.4865446638705009,0.4865446638705009,12.520626365552229,12.520626365552229,0.48599376637958147,0.48599376637958147,0.48654466387050094,5.551115123125783e-17,0.4865446638705009,0.4865446638705009,12.53309450928319,12.53309450928319,12.520626365552229,0.0,12.520626365552229,12.520626365552229,480.0,1688.953043460846,done,,results/narval_screening_preprocessing_m6/1506925/config164_C7_M6_mouse396_n_pixels75_lissage_sigma2_tauRNN0.33_dtFactor2_g0.8_ampInWN0.01_P01_nRunTrain200_use_global_regressionFalse.pkl,2,5,0.25
165,7,6,396,75,471,6,12.0,0.08333333333333333,2,0.041666666666666664,0.12626262626262624,2,0.16666666666666666,0.39249999999999996,0.33,0.8,1.0,0.1,0.01,200,5,True,False,3.686010851615947e-07,0.0,0.4093834591318305,0.4093834591318305,4.624978140685382,4.624978140685382,0.4087923374801471,0.4087923374801471,0.4093834591318305,0.0,0.4093834591318305,0.4093834591318305,4.629167576850906,4.629167576850906,4.624978140685382,0.0,4.624978140685382,4.624978140685382,480.0,1710.7521317005157,done,,results/narval_screening_preprocessing_m6/1506925/config165_C7_M6_mouse396_n_pixels75_lissage_sigma2_tauRNN0.33_dtFactor2_g0.8_ampInWN0.01_P01_nRunTrain200_use_global_regressionTrue.pkl,2,5,0.25
166,7,6,396,75,471,6,12.0,0.08333333333333333,2,0.041666666666666664,0.12626262626262624,4,0.3333333333333333,0.7849999999999999,0.33,0.8,1.0,0.1,0.01,200,5,False,False,3.686010851615947e-07,0.0,0.5743735145575257,0.5743735145575257,12.37041220550337,12.37041220550337,0.5734193524520512,0.5734193524520512,0.5743735145575257,0.0,0.5743735145575257,0.5743735145575257,12.39605682623951,12.39605682623951,12.37041220550337,0.0,12.37041220550337,12.37041220550337,480.0,1706.310250043869,done,,results/narval_screening_preprocessing_m6/1506925/config166_C7_M6_mouse396_n_pixels75_lissage_sigma4_tauRNN0.33_dtFactor2_g0.8_ampInWN0.01_P01_nRunTrain200_use_global_regressionFalse.pkl,4,5,0.25
167,7,6,396,75,471,6,12.0,0.08333333333333333,2,0.041666666666666664,0.12626262626262624,4,0.3333333333333333,0.7849999999999999,0.33,0.8,1.0,0.1,0.01,200,5,True,False,3.686010851615947e-07,0.0,0.5677935032598183,0.5677935032598183,5.31040806606972,5.31040806606972,0.5669947181321937,0.5669947181321937,0.5677935032598183,0.0,0.5677935032598183,0.5677935032598183,5.3195555094094376,5.3195555094094376,5.31040806606972,0.0,5.31040806606972,5.31040806606972,480.0,5786.8931086063385,done,,results/narval_screening_preprocessing_m6/1506925/config167_C7_M6_mouse396_n_pixels75_lissage_sigma4_tauRNN0.33_dtFactor2_g0.8_ampInWN0.01_P01_nRunTrain200_use_global_regressionTrue.pkl,4,5,0.25
168,7,6,396,100,355,6,12.0,0.08333333333333333,2,0.041666666666666664,0.12626262626262624,2,0.16666666666666666,0.39249999999999996,0.33,0.8,1.0,0.1,0.01,200,5,False,False,4.890453834115806e-07,0.0,0.356901835429011,0.356901835429011,16.726584569638067,16.726584569638067,0.35634067520115065,0.35634067520115065,0.356901835429011,0.0,0.356901835429011,0.356901835429011,16.74094690322319,16.74094690322319,16.726584569638067,0.0,16.726584569638067,16.726584569638067,480.0,963.3896307945251,done,,results/narval_screening_preprocessing_m6/1506925/config168_C7_M6_mouse396_n_pixels100_lissage_sigma2_tauRNN0.33_dtFactor2_g0.8_ampInWN0.01_P01_nRunTrain200_use_global_regressionFalse.pkl,2,5,0.25
169,7,6,396,100,355,6,12.0,0.08333333333333333,2,0.041666666666666664,0.12626262626262624,2,0.16666666666666666,0.39249999999999996,0.33,0.8,1.0,0.1,0.01,200,5,True,False,4.890453834115806e-07,0.0,0.3455738540608312,0.3455738540608312,5.1435698769767155,5.1435698769767155,0.34500818324340365,0.34500818324340365,0.3455738540608312,0.0,0.3455738540608312,0.3455738540608312,5.147659164556017,5.147659164556017,5.1435698769767155,0.0,5.1435698769767155,5.1435698769767155,480.0,979.568451166153,done,,results/narval_screening_preprocessing_m6/1506925/config169_C7_M6_mouse396_n_pixels100_lissage_sigma2_tauRNN0.33_dtFactor2_g0.8_ampInWN0.01_P01_nRunTrain200_use_global_regressionTrue.pkl,2,5,0.25
170,7,6,396,100,355,6,12.0,0.08333333333333333,2,0.041666666666666664,0.12626262626262624,4,0.3333333333333333,0.7849999999999999,0.33,0.8,1.0,0.1,0.01,200,5,False,False,4.890453834115806e-07,0.0,0.4391134043264209,0.4391134043264209,17.21278239626026,17.21278239626026,0.43829486046911825,0.43829486046911825,0.43911340432642093,5.551115123125783e-17,0.4391134043264209,0.4391134043264209,17.23600975579564,17.23600975579564,17.21278239626026,0.0,17.21278239626026,17.21278239626026,480.0,993.0921425819397,done,,results/narval_screening_preprocessing_m6/1506925/config170_C7_M6_mouse396_n_pixels100_lissage_sigma4_tauRNN0.33_dtFactor2_g0.8_ampInWN0.01_P01_nRunTrain200_use_global_regressionFalse.pkl,4,5,0.25
171,7,6,396,100,355,6,12.0,0.08333333333333333,2,0.041666666666666664,0.12626262626262624,4,0.3333333333333333,0.7849999999999999,0.33,0.8,1.0,0.1,0.01,200,5,True,False,4.890453834115806e-07,0.0,0.47198027169485457,0.47198027169485457,6.557096429444191,6.557096429444191,0.4713294711748057,0.4713285275608443,0.47198027169485457,0.0,0.47198027169485457,0.47198027169485457,6.563899797043598,6.564045956916907,6.557096429444191,0.0,6.557096429444191,6.557096429444191,480.0,1008.3799185752869,done,,results/narval_screening_preprocessing_m6/1506925/config171_C7_M6_mouse396_n_pixels100_lissage_sigma4_tauRNN0.33_dtFactor2_g0.8_ampInWN0.01_P01_nRunTrain200_use_global_regressionTrue.pkl,4,5,0.25
172,7,6,396,150,237,6,12.0,0.08333333333333333,2,0.041666666666666664,0.12626262626262624,2,0.16666666666666666,0.39249999999999996,0.33,0.8,1.0,0.1,0.01,200,5,False,False,7.325363338021566e-07,0.0,0.22828279660258588,0.22828279660258588,24.239527466715572,24.239527466715572,0.22718326955386625,0.22718326955386625,0.22828279660258585,2.7755575615628914e-17,0.22828279660258588,0.22828279660258588,24.27338955993161,24.27338955993161,24.239527466715572,0.0,24.239527466715572,24.239527466715572,480.0,461.71041774749756,done,,results/narval_screening_preprocessing_m6/1506925/config172_C7_M6_mouse396_n_pixels150_lissage_sigma2_tauRNN0.33_dtFactor2_g0.8_ampInWN0.01_P01_nRunTrain200_use_global_regressionFalse.pkl,2,5,0.25
173,7,6,396,150,237,6,12.0,0.08333333333333333,2,0.041666666666666664,0.12626262626262624,2,0.16666666666666666,0.39249999999999996,0.33,0.8,1.0,0.1,0.01,200,5,True,False,1.4650726676043131e-06,0.0,0.2300380755122582,0.2300380755122582,8.007996761388545,8.007996761388545,0.22966010869625442,0.22966010869625442,0.2300380755122582,0.0,0.2300380755122582,0.2300380755122582,8.011474985357903,8.011474985357903,8.007996761388545,0.0,8.007996761388545,8.007996761388545,480.0,469.317214012146,done,,results/narval_screening_preprocessing_m6/1506925/config173_C7_M6_mouse396_n_pixels150_lissage_sigma2_tauRNN0.33_dtFactor2_g0.8_ampInWN0.01_P01_nRunTrain200_use_global_regressionTrue.pkl,2,5,0.25
174,7,6,396,150,237,6,12.0,0.08333333333333333,2,0.041666666666666664,0.12626262626262624,4,0.3333333333333333,0.7849999999999999,0.33,0.8,1.0,0.1,0.01,200,5,False,False,7.325363338021566e-07,0.0,0.35162952061388186,0.35162952061388186,20.312586382360347,20.312586382360347,0.3510436076881073,0.3510436076881073,0.35162952061388186,0.0,0.35162952061388186,0.35162952061388186,20.3301722106787,20.3301722106787,20.312586382360347,0.0,20.312586382360347,20.312586382360347,480.0,458.81085562705994,done,,results/narval_screening_preprocessing_m6/1506925/config174_C7_M6_mouse396_n_pixels150_lissage_sigma4_tauRNN0.33_dtFactor2_g0.8_ampInWN0.01_P01_nRunTrain200_use_global_regressionFalse.pkl,4,5,0.25
175,7,6,396,150,237,6,12.0,0.08333333333333333,2,0.041666666666666664,0.12626262626262624,4,0.3333333333333333,0.7849999999999999,0.33,0.8,1.0,0.1,0.01,200,5,True,False,7.325363338021566e-07,0.0,0.3244244411223204,0.3244244411223204,11.204625092691984,11.204625092691984,0.323772983612153,0.323772983612153,0.3244244411223204,0.0,0.3244244411223204,0.3244244411223204,11.214494311194867,11.214494311194867,11.204625092691984,0.0,11.204625092691984,11.204625092691984,480.0,458.0691511631012,done,,results/narval_screening_preprocessing_m6/1506925/config175_C7_M6_mouse396_n_pixels150_lissage_sigma4_tauRNN0.33_dtFactor2_g0.8_ampInWN0.01_P01_nRunTrain200_use_global_regressionTrue.pkl,4,5,0.25
176,7,6,396,200,179,6,12.0,0.08333333333333333,2,0.041666666666666664,0.12626262626262624,2,0.16666666666666666,0.39249999999999996,0.33,0.8,1.0,0.1,0.01,200,5,False,False,9.698944754810677e-07,0.0,0.1670980934747872,0.15596759421218342,27.66784060089422,28.03009997274417,0.1670980934747872,0.15553040147368014,0.15596759421218342,0.0,0.15596759421218342,0.15596759421218342,27.66784060089422,28.04436079579446,28.03009997274417,0.0,28.03009997274417,28.03009997274417,480.0,300.1825211048126,done,,results/narval_screening_preprocessing_m6/1506925/config176_C7_M6_mouse396_n_pixels200_lissage_sigma2_tauRNN0.33_dtFactor2_g0.8_ampInWN0.01_P01_nRunTrain200_use_global_regressionFalse.pkl,2,5,0.25
177,7,6,396,200,179,6,12.0,0.08333333333333333,2,0.041666666666666664,0.12626262626262624,2,0.16666666666666666,0.39249999999999996,0.33,0.8,1.0,0.1,0.01,200,5,True,False,9.698944754810677e-07,0.0,0.18148773471418478,0.18148773471418478,7.774203007397327,7.774203007397327,0.18120487519198458,0.18120487519198458,0.18148773471418478,0.0,0.18148773471418478,0.18148773471418478,7.776564564341782,7.776564564341782,7.774203007397327,0.0,7.774203007397327,7.774203007397327,480.0,302.2146987915039,done,,results/narval_screening_preprocessing_m6/1506925/config177_C7_M6_mouse396_n_pixels200_lissage_sigma2_tauRNN0.33_dtFactor2_g0.8_ampInWN0.01_P01_nRunTrain200_use_global_regressionTrue.pkl,2,5,0.25
178,7,6,396,200,179,6,12.0,0.08333333333333333,2,0.041666666666666664,0.12626262626262624,4,0.3333333333333333,0.7849999999999999,0.33,0.8,1.0,0.1,0.01,200,5,False,False,9.698944754810677e-07,0.0,0.1601298648904892,0.1601298648904892,33.270951200087424,33.270951200087424,0.1581497940462241,0.1581497940462241,0.1601298648904892,0.0,0.1601298648904892,0.1601298648904892,33.34927101030299,33.34927101030299,33.270951200087424,0.0,33.270951200087424,33.270951200087424,480.0,291.66995763778687,done,,results/narval_screening_preprocessing_m6/1506925/config178_C7_M6_mouse396_n_pixels200_lissage_sigma4_tauRNN0.33_dtFactor2_g0.8_ampInWN0.01_P01_nRunTrain200_use_global_regressionFalse.pkl,4,5,0.25
179,7,6,396,200,179,6,12.0,0.08333333333333333,2,0.041666666666666664,0.12626262626262624,4,0.3333333333333333,0.7849999999999999,0.33,0.8,1.0,0.1,0.01,200,5,True,False,9.698944754810677e-07,0.0,0.27189007392411146,0.27189007392411146,10.935622508486757,10.935622508486757,0.2713086590684547,0.27107820218778433,0.27189007392411146,0.0,0.27189007392411146,0.27189007392411146,10.941571094478661,10.947033171892446,10.935622508486757,0.0,10.935622508486757,10.935622508486757,480.0,299.02174639701843,done,,results/narval_screening_preprocessing_m6/1506925/config179_C7_M6_mouse396_n_pixels200_lissage_sigma4_tauRNN0.33_dtFactor2_g0.8_ampInWN0.01_P01_nRunTrain200_use_global_regressionTrue.pkl,4,5,0.25
180,7,6,397,50,762,6,12.0,0.08333333333333333,2,0.041666666666666664,0.12626262626262624,2,0.16666666666666666,0.39249999999999996,0.33,0.8,1.0,0.1,0.01,200,5,False,False,2.2783610382035578e-07,0.0,0.533969355322146,0.533969355322146,10.001448916192198,10.001448916192198,0.5330472292743484,0.5330472292743484,0.533969355322146,0.0,0.533969355322146,0.533969355322146,10.018995833426715,10.018995833426715,10.001448916192198,0.0,10.001448916192198,10.001448916192198,480.0,7078.589201211929,done,,results/narval_screening_preprocessing_m6/1506925/config180_C7_M6_mouse397_n_pixels50_lissage_sigma2_tauRNN0.33_dtFactor2_g0.8_ampInWN0.01_P01_nRunTrain200_use_global_regressionFalse.pkl,2,5,0.25
181,7,6,397,50,762,6,12.0,0.08333333333333333,2,0.041666666666666664,0.12626262626262624,2,0.16666666666666666,0.39249999999999996,0.33,0.8,1.0,0.1,0.01,200,5,True,False,2.2783610382035578e-07,0.0,0.5431750839717173,0.5431750839717173,4.7066090701028624,4.7066090701028624,0.5422649769085767,0.5422649769085767,0.5431750839717173,0.0,0.5431750839717173,0.5431750839717173,4.714792241377132,4.714792241377132,4.7066090701028624,0.0,4.7066090701028624,4.7066090701028624,480.0,7712.479424715042,done,,results/narval_screening_preprocessing_m6/1506925/config181_C7_M6_mouse397_n_pixels50_lissage_sigma2_tauRNN0.33_dtFactor2_g0.8_ampInWN0.01_P01_nRunTrain200_use_global_regressionTrue.pkl,2,5,0.25
182,7,6,397,50,762,6,12.0,0.08333333333333333,2,0.041666666666666664,0.12626262626262624,4,0.3333333333333333,0.7849999999999999,0.33,0.8,1.0,0.1,0.01,200,5,False,False,4.5567220764071157e-07,0.0,0.7076955554324659,0.7076955554324659,5.23714015017756,5.23714015017756,0.7068260162913155,0.7068260162913155,0.7076955554324659,0.0,0.7076955554324659,0.7076955554324659,5.252700129359974,5.252700129359974,5.23714015017756,0.0,5.23714015017756,5.23714015017756,480.0,8200.450645208359,done,,results/narval_screening_preprocessing_m6/1506925/config182_C7_M6_mouse397_n_pixels50_lissage_sigma4_tauRNN0.33_dtFactor2_g0.8_ampInWN0.01_P01_nRunTrain200_use_global_regressionFalse.pkl,4,5,0.25
183,7,6,397,50,762,6,12.0,0.08333333333333333,2,0.041666666666666664,0.12626262626262624,4,0.3333333333333333,0.7849999999999999,0.33,0.8,1.0,0.1,0.01,200,5,True,False,2.2783610382035578e-07,0.0,0.7507974152939948,0.7507974152939948,2.869053986797466,2.869053986797466,0.7501683762708605,0.7501683762708605,0.7507974152939948,0.0,0.7507974152939948,0.7507974152939948,2.8757465352427447,2.8757465352427447,2.869053986797466,0.0,2.869053986797466,2.869053986797466,480.0,6711.872916460037,done,,results/narval_screening_preprocessing_m6/1506925/config183_C7_M6_mouse397_n_pixels50_lissage_sigma4_tauRNN0.33_dtFactor2_g0.8_ampInWN0.01_P01_nRunTrain200_use_global_regressionTrue.pkl,4,5,0.25
184,7,6,397,75,509,6,12.0,0.08333333333333333,2,0.041666666666666664,0.12626262626262624,2,0.16666666666666666,0.39249999999999996,0.33,0.8,1.0,0.1,0.01,200,5,False,False,6.821654660554464e-07,0.0,0.3768012249308922,0.3768012249308922,20.279135529233255,20.279135529233255,0.3757289785120509,0.3757289785120509,0.3768012249308922,0.0,0.3768012249308922,0.3768012249308922,20.31169017921092,20.31169017921092,20.279135529233255,0.0,20.279135529233255,20.279135529233255,480.0,2036.158699274063,done,,results/narval_screening_preprocessing_m6/1506925/config184_C7_M6_mouse397_n_pixels75_lissage_sigma2_tauRNN0.33_dtFactor2_g0.8_ampInWN0.01_P01_nRunTrain200_use_global_regressionFalse.pkl,2,5,0.25
185,7,6,397,75,509,6,12.0,0.08333333333333333,2,0.041666666666666664,0.12626262626262624,2,0.16666666666666666,0.39249999999999996,0.33,0.8,1.0,0.1,0.01,200,5,True,False,3.410827330277232e-07,0.0,0.4189267121778417,0.4158107040131013,9.92346975681941,9.99746757301952,0.4189267121778417,0.4150974633708817,0.4158107040131013,0.0,0.4158107040131013,0.4158107040131013,9.92346975681941,10.00757779779774,9.99746757301952,0.0,9.99746757301952,9.99746757301952,480.0,2049.170291662216,done,,results/narval_screening_preprocessing_m6/1506925/config185_C7_M6_mouse397_n_pixels75_lissage_sigma2_tauRNN0.33_dtFactor2_g0.8_ampInWN0.01_P01_nRunTrain200_use_global_regressionTrue.pkl,2,5,0.25
186,7,6,397,75,509,6,12.0,0.08333333333333333,2,0.041666666666666664,0.12626262626262624,4,0.3333333333333333,0.7849999999999999,0.33,0.8,1.0,0.1,0.01,200,5,False,False,3.410827330277232e-07,0.0,0.5376575491423189,0.5376575491423189,12.043508036394012,12.043508036394012,0.5371292821555664,0.5365961295674575,0.5376575491423189,0.0,0.5376575491423189,0.5376575491423189,12.055168417282651,12.069382138275301,12.043508036394012,0.0,12.043508036394012,12.043508036394012,480.0,1876.416259765625,done,,results/narval_screening_preprocessing_m6/1506925/config186_C7_M6_mouse397_n_pixels75_lissage_sigma4_tauRNN0.33_dtFactor2_g0.8_ampInWN0.01_P01_nRunTrain200_use_global_regressionFalse.pkl,4,5,0.25
187,7,6,397,75,509,6,12.0,0.08333333333333333,2,0.041666666666666664,0.12626262626262624,4,0.3333333333333333,0.7849999999999999,0.33,0.8,1.0,0.1,0.01,200,5,True,False,3.410827330277232e-07,0.0,0.6050831375412423,0.6050831375412423,8.615767941372292,8.615767941372292,0.6041400894817139,0.6040898108445786,0.6050831375412423,0.0,0.6050831375412423,0.6050831375412423,8.635849215168264,8.636096687057943,8.615767941372292,0.0,8.615767941372292,8.615767941372292,480.0,1880.3835470676422,done,,results/narval_screening_preprocessing_m6/1506925/config187_C7_M6_mouse397_n_pixels75_lissage_sigma4_tauRNN0.33_dtFactor2_g0.8_ampInWN0.01_P01_nRunTrain200_use_global_regressionTrue.pkl,4,5,0.25
188,7,6,397,100,382,6,12.0,0.08333333333333333,2,0.041666666666666664,0.12626262626262624,2,0.16666666666666666,0.39249999999999996,0.33,0.8,1.0,0.1,0.01,200,5,False,False,9.089586969168121e-07,0.0,0.3059214733105333,0.30584713591643087,22.711784200214993,22.723079008223436,0.3059214733105333,0.304912634413699,0.30584713591643087,0.0,0.30584713591643087,0.30584713591643087,22.711784200214993,22.752280980001803,22.723079008223436,0.0,22.723079008223436,22.723079008223436,480.0,3450.2508687973022,done,,results/narval_screening_preprocessing_m6/1506925/config188_C7_M6_mouse397_n_pixels100_lissage_sigma2_tauRNN0.33_dtFactor2_g0.8_ampInWN0.01_P01_nRunTrain200_use_global_regressionFalse.pkl,2,5,0.25
189,7,6,397,100,382,6,12.0,0.08333333333333333,2,0.041666666666666664,0.12626262626262624,2,0.16666666666666666,0.39249999999999996,0.33,0.8,1.0,0.1,0.01,200,5,True,False,4.5447934845840607e-07,0.0,0.34731508331435923,0.34731508331435923,12.318464030137498,12.318464030137498,0.3466364531875499,0.3466364531875499,0.34731508331435923,0.0,0.34731508331435923,0.34731508331435923,12.32900748377354,12.32900748377354,12.318464030137498,0.0,12.318464030137498,12.318464030137498,480.0,1101.2097272872925,done,,results/narval_screening_preprocessing_m6/1506925/config189_C7_M6_mouse397_n_pixels100_lissage_sigma2_tauRNN0.33_dtFactor2_g0.8_ampInWN0.01_P01_nRunTrain200_use_global_regressionTrue.pkl,2,5,0.25
190,7,6,397,100,382,6,12.0,0.08333333333333333,2,0.041666666666666664,0.12626262626262624,4,0.3333333333333333,0.7849999999999999,0.33,0.8,1.0,0.1,0.01,200,5,False,False,4.5447934845840607e-07,0.0,0.46718376918970794,0.46718376918970794,14.108883752064278,14.108883752064278,0.46634980335978005,0.46634980335978005,0.46718376918970794,0.0,0.46718376918970794,0.46718376918970794,14.129020794903388,14.129020794903388,14.108883752064278,0.0,14.108883752064278,14.108883752064278,480.0,1137.4917469024658,done,,results/narval_screening_preprocessing_m6/1506925/config190_C7_M6_mouse397_n_pixels100_lissage_sigma4_tauRNN0.33_dtFactor2_g0.8_ampInWN0.01_P01_nRunTrain200_use_global_regressionFalse.pkl,4,5,0.25
191,7,6,397,100,382,6,12.0,0.08333333333333333,2,0.041666666666666664,0.12626262626262624,4,0.3333333333333333,0.7849999999999999,0.33,0.8,1.0,0.1,0.01,200,5,True,False,4.5447934845840607e-07,0.0,0.49833450237315435,0.49833450237315435,10.607939134220953,10.607939134220953,0.4972911508697273,0.4972911508697273,0.49833450237315435,0.0,0.49833450237315435,0.49833450237315435,10.62857561787514,10.62857561787514,10.607939134220953,0.0,10.607939134220953,10.607939134220953,480.0,1216.774504184723,done,,results/narval_screening_preprocessing_m6/1506925/config191_C7_M6_mouse397_n_pixels100_lissage_sigma4_tauRNN0.33_dtFactor2_g0.8_ampInWN0.01_P01_nRunTrain200_use_global_regressionTrue.pkl,4,5,0.25
192,7,6,397,150,256,6,12.0,0.08333333333333333,2,0.041666666666666664,0.12626262626262624,2,0.16666666666666666,0.39249999999999996,0.33,0.8,1.0,0.1,0.01,200,5,False,False,6.781684027777778e-07,0.0,0.23440162580674162,0.23189815725320384,25.778711153030642,25.891931569576276,0.23440162580674162,0.23061521076605196,0.23189815725320387,2.7755575615628914e-17,0.23189815725320384,0.23189815725320384,25.778711153030642,25.934221724440704,25.891931569576276,0.0,25.891931569576276,25.891931569576276,480.0,1269.8634119033813,done,,results/narval_screening_preprocessing_m6/1506925/config192_C7_M6_mouse397_n_pixels150_lissage_sigma2_tauRNN0.33_dtFactor2_g0.8_ampInWN0.01_P01_nRunTrain200_use_global_regressionFalse.pkl,2,5,0.25
193,7,6,397,150,256,6,12.0,0.08333333333333333,2,0.041666666666666664,0.12626262626262624,2,0.16666666666666666,0.39249999999999996,0.33,0.8,1.0,0.1,0.01,200,5,True,False,6.781684027777778e-07,0.0,0.25939791573454574,0.25939791573454574,15.26395873002679,15.26395873002679,0.2589354235619713,0.2589354235619713,0.25939791573454574,0.0,0.25939791573454574,0.25939791573454574,15.26562086600619,15.272081040642622,15.26395873002679,0.0,15.26395873002679,15.26395873002679,480.0,1270.1181485652924,done,,results/narval_screening_preprocessing_m6/1506925/config193_C7_M6_mouse397_n_pixels150_lissage_sigma2_tauRNN0.33_dtFactor2_g0.8_ampInWN0.01_P01_nRunTrain200_use_global_regressionTrue.pkl,2,5,0.25
194,7,6,397,150,256,6,12.0,0.08333333333333333,2,0.041666666666666664,0.12626262626262624,4,0.3333333333333333,0.7849999999999999,0.33,0.8,1.0,0.1,0.01,200,5,False,False,6.781684027777778e-07,0.0,0.2898536940576699,0.2633713589932276,20.727660908968826,21.594702065131223,0.2898536940576699,0.26344508682505907,0.2633713589932276,0.0,0.2633713589932276,0.2633713589932276,20.727660908968826,21.5901725421522,21.594702065131223,0.0,21.594702065131223,21.594702065131223,480.0,1274.1290464401245,done,,results/narval_screening_preprocessing_m6/1506925/config194_C7_M6_mouse397_n_pixels150_lissage_sigma4_tauRNN0.33_dtFactor2_g0.8_ampInWN0.01_P01_nRunTrain200_use_global_regressionFalse.pkl,4,5,0.25
195,7,6,397,150,256,6,12.0,0.08333333333333333,2,0.041666666666666664,0.12626262626262624,4,0.3333333333333333,0.7849999999999999,0.33,0.8,1.0,0.1,0.01,200,5,True,False,1.3563368055555556e-06,0.0,0.3517647890596083,0.3517647890596083,15.706301117502116,15.706301117502116,0.35135372380307084,0.3510042636063655,0.3517647890596083,0.0,0.3517647890596083,0.3517647890596083,15.714275385125129,15.723146113222056,15.706301117502116,0.0,15.706301117502116,15.706301117502116,480.0,1356.070834159851,done,,results/narval_screening_preprocessing_m6/1506925/config195_C7_M6_mouse397_n_pixels150_lissage_sigma4_tauRNN0.33_dtFactor2_g0.8_ampInWN0.01_P01_nRunTrain200_use_global_regressionTrue.pkl,4,5,0.25
196,7,6,397,200,193,6,12.0,0.08333333333333333,2,0.041666666666666664,0.12626262626262624,2,0.16666666666666666,0.39249999999999996,0.33,0.8,1.0,0.1,0.01,200,5,False,False,8.995394358088659e-07,0.0,0.10613136040677917,0.10497965437808554,30.520173466396844,30.57460420828352,0.10613136040677917,0.10424827091533806,0.10497965437808554,0.0,0.10497965437808554,0.10497965437808554,30.520173466396844,30.597258047291195,30.574604208283525,3.552713678800501e-15,30.57460420828352,30.57460420828352,480.0,353.5507655143738,done,,results/narval_screening_preprocessing_m6/1506925/config196_C7_M6_mouse397_n_pixels200_lissage_sigma2_tauRNN0.33_dtFactor2_g0.8_ampInWN0.01_P01_nRunTrain200_use_global_regressionFalse.pkl,2,5,0.25
197,7,6,397,200,193,6,12.0,0.08333333333333333,2,0.041666666666666664,0.12626262626262624,2,0.16666666666666666,0.39249999999999996,0.33,0.8,1.0,0.1,0.01,200,5,True,False,8.995394358088659e-07,0.0,0.22411083475629368,0.22411083475629368,16.017044379309283,16.017044379309283,0.2237167673808209,0.2237167673808209,0.22411083475629368,0.0,0.22411083475629368,0.22411083475629368,16.023987214062362,16.023987214062362,16.017044379309283,0.0,16.017044379309283,16.017044379309283,480.0,370.17373514175415,done,,results/narval_screening_preprocessing_m6/1506925/config197_C7_M6_mouse397_n_pixels200_lissage_sigma2_tauRNN0.33_dtFactor2_g0.8_ampInWN0.01_P01_nRunTrain200_use_global_regressionTrue.pkl,2,5,0.25
198,7,6,397,200,193,6,12.0,0.08333333333333333,2,0.041666666666666664,0.12626262626262624,4,0.3333333333333333,0.7849999999999999,0.33,0.8,1.0,0.1,0.01,200,5,False,False,8.995394358088659e-07,0.0,0.24671048005814666,0.24671048005814666,22.289462371574345,22.289462371574345,0.24562232217894142,0.24562232217894142,0.2467104800581467,2.7755575615628914e-17,0.24671048005814666,0.24671048005814666,22.321421365723324,22.321421365723324,22.289462371574345,0.0,22.289462371574345,22.289462371574345,480.0,330.40282702445984,done,,results/narval_screening_preprocessing_m6/1506925/config198_C7_M6_mouse397_n_pixels200_lissage_sigma4_tauRNN0.33_dtFactor2_g0.8_ampInWN0.01_P01_nRunTrain200_use_global_regressionFalse.pkl,4,5,0.25
199,7,6,397,200,193,6,12.0,0.08333333333333333,2,0.041666666666666664,0.12626262626262624,4,0.3333333333333333,0.7849999999999999,0.33,0.8,1.0,0.1,0.01,200,5,True,False,8.995394358088659e-07,0.0,0.31544650595175205,0.30792489500359477,16.766724646786127,16.964018513225053,0.31544650595175205,0.3075080826544867,0.30792489500359477,0.0,0.30792489500359477,0.30792489500359477,16.766724646786127,16.972853738338987,16.964018513225053,0.0,16.964018513225053,16.964018513225053,480.0,352.9744758605957,done,,results/narval_screening_preprocessing_m6/1506925/config199_C7_M6_mouse397_n_pixels200_lissage_sigma4_tauRNN0.33_dtFactor2_g0.8_ampInWN0.01_P01_nRunTrain200_use_global_regressionTrue.pkl,4,5,0.25
200,8,6,409,50,706,6,12.0,0.08333333333333333,2,0.041666666666666664,0.12626262626262624,2,0.16666666666666666,0.39249999999999996,0.33,0.8,1.0,0.1,0.01,200,5,False,False,4.918161787850173e-07,0.0,0.6884015258489735,0.6884015258489735,8.467865868626674,8.467865868626674,0.687920064770503,0.687920064770503,0.6884015258489735,0.0,0.6884015258489735,0.6884015258489735,8.48160097973944,8.48160097973944,8.467865868626674,0.0,8.467865868626674,8.467865868626674,480.0,5347.211068153381,done,,results/narval_screening_preprocessing_m6/1506925/config200_C8_M6_mouse409_n_pixels50_lissage_sigma2_tauRNN0.33_dtFactor2_g0.8_ampInWN0.01_P01_nRunTrain200_use_global_regressionFalse.pkl,2,5,0.25
201,8,6,409,50,706,6,12.0,0.08333333333333333,2,0.041666666666666664,0.12626262626262624,2,0.16666666666666666,0.39249999999999996,0.33,0.8,1.0,0.1,0.01,200,5,True,False,2.459080893925087e-07,0.0,0.5247065536592466,0.5181073989648866,5.798682294111213,5.905504380084468,0.5247065536592466,0.5176290702972915,0.5181073989648866,0.0,0.5181073989648866,0.5181073989648866,5.798682294111213,5.9096300028607995,5.905504380084468,0.0,5.905504380084468,5.905504380084468,480.0,5515.77894115448,done,,results/narval_screening_preprocessing_m6/1506925/config201_C8_M6_mouse409_n_pixels50_lissage_sigma2_tauRNN0.33_dtFactor2_g0.8_ampInWN0.01_P01_nRunTrain200_use_global_regressionTrue.pkl,2,5,0.25
202,8,6,409,50,706,6,12.0,0.08333333333333333,2,0.041666666666666664,0.12626262626262624,4,0.3333333333333333,0.7849999999999999,0.33,0.8,1.0,0.1,0.01,200,5,False,False,2.459080893925087e-07,0.0,0.7824727269942919,0.7743859349463125,5.622989313659383,5.780422427956523,0.7824727269942919,0.767503358511699,0.7743859349463125,0.0,0.7743859349463125,0.7743859349463125,5.622989313659383,5.951378318744506,5.780422427956523,0.0,5.780422427956523,5.780422427956523,480.0,5092.771539926529,done,,results/narval_screening_preprocessing_m6/1506925/config202_C8_M6_mouse409_n_pixels50_lissage_sigma4_tauRNN0.33_dtFactor2_g0.8_ampInWN0.01_P01_nRunTrain200_use_global_regressionFalse.pkl,4,5,0.25
203,8,6,409,50,706,6,12.0,0.08333333333333333,2,0.041666666666666664,0.12626262626262624,4,0.3333333333333333,0.7849999999999999,0.33,0.8,1.0,0.1,0.01,200,5,True,False,2.459080893925087e-07,0.0,0.7195106210234807,0.7195106210234807,4.924442934226226,4.924442934226226,0.7188821990751566,0.7188821990751566,0.7195106210234807,0.0,0.7195106210234807,0.7195106210234807,4.925283500601816,4.9298295889271895,4.924442934226226,0.0,4.924442934226226,4.924442934226226,480.0,5886.431135177612,done,,results/narval_screening_preprocessing_m6/1506925/config203_C8_M6_mouse409_n_pixels50_lissage_sigma4_tauRNN0.33_dtFactor2_g0.8_ampInWN0.01_P01_nRunTrain200_use_global_regressionTrue.pkl,4,5,0.25
204,8,6,409,75,471,6,12.0,0.08333333333333333,2,0.041666666666666664,0.12626262626262624,2,0.16666666666666666,0.39249999999999996,0.33,0.8,1.0,0.1,0.01,200,5,False,False,3.686010851615947e-07,0.0,0.6127900596683262,0.6082090288948729,10.384099318499269,10.500623977683105,0.6127900596683262,0.6127900596683262,0.6082090288948729,0.0,0.6082090288948729,0.6082090288948729,10.384099318499269,10.384099318499269,10.500623977683105,0.0,10.500623977683105,10.500623977683105,480.0,1572.4131665229797,done,,results/narval_screening_preprocessing_m6/1506925/config204_C8_M6_mouse409_n_pixels75_lissage_sigma2_tauRNN0.33_dtFactor2_g0.8_ampInWN0.01_P01_nRunTrain200_use_global_regressionFalse.pkl,2,5,0.25
205,8,6,409,75,471,6,12.0,0.08333333333333333,2,0.041666666666666664,0.12626262626262624,2,0.16666666666666666,0.39249999999999996,0.33,0.8,1.0,0.1,0.01,200,5,True,False,3.686010851615947e-07,0.0,0.4339800559695961,0.4339800559695961,6.034490475026471,6.034490475026471,0.4332069847384955,0.4332069847384955,0.4339800559695961,0.0,0.4339800559695961,0.4339800559695961,6.041271068723902,6.041271068723902,6.034490475026471,0.0,6.034490475026471,6.034490475026471,480.0,1636.9052031040192,done,,results/narval_screening_preprocessing_m6/1506925/config205_C8_M6_mouse409_n_pixels75_lissage_sigma2_tauRNN0.33_dtFactor2_g0.8_ampInWN0.01_P01_nRunTrain200_use_global_regressionTrue.pkl,2,5,0.25
206,8,6,409,75,471,6,12.0,0.08333333333333333,2,0.041666666666666664,0.12626262626262624,4,0.3333333333333333,0.7849999999999999,0.33,0.8,1.0,0.1,0.01,200,5,False,False,3.686010851615947e-07,0.0,0.7049181605147498,0.7049181605147498,7.702833341071867,7.702833341071867,0.7044342965981653,0.7044342965981653,0.7049181605147498,0.0,0.7049181605147498,0.7049181605147498,7.715884423664919,7.715884423664919,7.702833341071868,8.881784197001252e-16,7.702833341071867,7.702833341071867,480.0,1586.3170449733734,done,,results/narval_screening_preprocessing_m6/1506925/config206_C8_M6_mouse409_n_pixels75_lissage_sigma4_tauRNN0.33_dtFactor2_g0.8_ampInWN0.01_P01_nRunTrain200_use_global_regressionFalse.pkl,4,5,0.25
207,8,6,409,75,471,6,12.0,0.08333333333333333,2,0.041666666666666664,0.12626262626262624,4,0.3333333333333333,0.7849999999999999,0.33,0.8,1.0,0.1,0.01,200,5,True,False,3.686010851615947e-07,0.0,0.5855084995636424,0.5855084995636424,6.45880304765362,6.45880304765362,0.5853504252865768,0.5846791639630653,0.5855084995636424,0.0,0.5855084995636424,0.5855084995636424,6.4622874910176575,6.469736617249492,6.45880304765362,0.0,6.45880304765362,6.45880304765362,480.0,1626.4988567829132,done,,results/narval_screening_preprocessing_m6/1506925/config207_C8_M6_mouse409_n_pixels75_lissage_sigma4_tauRNN0.33_dtFactor2_g0.8_ampInWN0.01_P01_nRunTrain200_use_global_regressionTrue.pkl,4,5,0.25
208,8,6,409,100,355,6,12.0,0.08333333333333333,2,0.041666666666666664,0.12626262626262624,2,0.16666666666666666,0.39249999999999996,0.33,0.8,1.0,0.1,0.01,200,5,False,False,4.890453834115806e-07,0.0,0.4902498998489657,0.4886810736679019,13.984200240970004,13.984200240970004,0.4902498998489657,0.4877588715425284,0.48868107366790187,5.551115123125783e-17,0.4886810736679019,0.4886810736679019,14.007362039137245,14.007362039137245,13.984200240970006,1.7763568394002505e-15,13.984200240970004,13.984200240970004,480.0,1024.1452708244324,done,,results/narval_screening_preprocessing_m6/1506925/config208_C8_M6_mouse409_n_pixels100_lissage_sigma2_tauRNN0.33_dtFactor2_g0.8_ampInWN0.01_P01_nRunTrain200_use_global_regressionFalse.pkl,2,5,0.25
209,8,6,409,100,355,6,12.0,0.08333333333333333,2,0.041666666666666664,0.12626262626262624,2,0.16666666666666666,0.39249999999999996,0.33,0.8,1.0,0.1,0.01,200,5,True,False,4.890453834115806e-07,0.0,0.35655821441753355,0.35655821441753355,9.731601414957574,9.731601414957574,0.3559313903635757,0.3559313903635757,0.35655821441753355,0.0,0.35655821441753355,0.35655821441753355,9.739874409405337,9.739874409405337,9.731601414957574,0.0,9.731601414957574,9.731601414957574,480.0,1007.5718622207642,done,,results/narval_screening_preprocessing_m6/1506925/config209_C8_M6_mouse409_n_pixels100_lissage_sigma2_tauRNN0.33_dtFactor2_g0.8_ampInWN0.01_P01_nRunTrain200_use_global_regressionTrue.pkl,2,5,0.25
210,8,6,409,100,355,6,12.0,0.08333333333333333,2,0.041666666666666664,0.12626262626262624,4,0.3333333333333333,0.7849999999999999,0.33,0.8,1.0,0.1,0.01,200,5,False,False,4.890453834115806e-07,0.0,0.6040096096918424,0.6040096096918424,10.524576213122925,10.524576213122925,0.6031756258014799,0.6031756258014799,0.6040096096918424,0.0,0.6040096096918424,0.6040096096918424,10.543745558529658,10.543745558529658,10.524576213122925,0.0,10.524576213122925,10.524576213122925,480.0,950.8303520679474,done,,results/narval_screening_preprocessing_m6/1506925/config210_C8_M6_mouse409_n_pixels100_lissage_sigma4_tauRNN0.33_dtFactor2_g0.8_ampInWN0.01_P01_nRunTrain200_use_global_regressionFalse.pkl,4,5,0.25
211,8,6,409,100,355,6,12.0,0.08333333333333333,2,0.041666666666666664,0.12626262626262624,4,0.3333333333333333,0.7849999999999999,0.33,0.8,1.0,0.1,0.01,200,5,True,False,4.890453834115806e-07,0.0,0.4764728828399799,0.4764728828399799,8.970454882505672,8.970454882505672,0.4756669556044669,0.4756669556044669,0.4764728828399799,0.0,0.4764728828399799,0.4764728828399799,8.98229493264236,8.98229493264236,8.970454882505672,0.0,8.970454882505672,8.970454882505672,480.0,968.7278077602386,done,,results/narval_screening_preprocessing_m6/1506925/config211_C8_M6_mouse409_n_pixels100_lissage_sigma4_tauRNN0.33_dtFactor2_g0.8_ampInWN0.01_P01_nRunTrain200_use_global_regressionTrue.pkl,4,5,0.25
212,8,6,409,150,237,6,12.0,0.08333333333333333,2,0.041666666666666664,0.12626262626262624,2,0.16666666666666666,0.39249999999999996,0.33,0.8,1.0,0.1,0.01,200,5,False,False,7.325363338021566e-07,0.0,0.42714430565640626,0.42669731461175553,16.336458413366763,16.349578607925388,0.42714430565640626,0.42714430565640626,0.42669731461175553,0.0,0.42669731461175553,0.42669731461175553,16.336458413366763,16.336458413366763,16.349578607925388,0.0,16.349578607925388,16.349578607925388,480.0,482.5384576320648,done,,results/narval_screening_preprocessing_m6/1506925/config212_C8_M6_mouse409_n_pixels150_lissage_sigma2_tauRNN0.33_dtFactor2_g0.8_ampInWN0.01_P01_nRunTrain200_use_global_regressionFalse.pkl,2,5,0.25
213,8,6,409,150,237,6,12.0,0.08333333333333333,2,0.041666666666666664,0.12626262626262624,2,0.16666666666666666,0.39249999999999996,0.33,0.8,1.0,0.1,0.01,200,5,True,False,7.325363338021566e-07,0.0,0.2695414784128095,0.2695414784128095,11.829963127416141,11.829963127416141,0.26950595569578684,0.2690934686229528,0.2695414784128095,0.0,0.2695414784128095,0.2695414784128095,11.832398684506776,11.836093739502752,11.829963127416141,0.0,11.829963127416141,11.829963127416141,480.0,452.10823369026184,done,,results/narval_screening_preprocessing_m6/1506925/config213_C8_M6_mouse409_n_pixels150_lissage_sigma2_tauRNN0.33_dtFactor2_g0.8_ampInWN0.01_P01_nRunTrain200_use_global_regressionTrue.pkl,2,5,0.25
214,8,6,409,150,237,6,12.0,0.08333333333333333,2,0.041666666666666664,0.12626262626262624,4,0.3333333333333333,0.7849999999999999,0.33,0.8,1.0,0.1,0.01,200,5,False,False,7.325363338021566e-07,0.0,0.49555289239016265,0.48769771243501614,13.931239769499795,14.16627120196914,0.49555289239016265,0.4874568453517256,0.48769771243501614,0.0,0.48769771243501614,0.48769771243501614,13.931239769499795,14.173423133047582,14.166271201969142,1.7763568394002505e-15,14.16627120196914,14.16627120196914,480.0,497.8757107257843,done,,results/narval_screening_preprocessing_m6/1506925/config214_C8_M6_mouse409_n_pixels150_lissage_sigma4_tauRNN0.33_dtFactor2_g0.8_ampInWN0.01_P01_nRunTrain200_use_global_regressionFalse.pkl,4,5,0.25
215,8,6,409,150,237,6,12.0,0.08333333333333333,2,0.041666666666666664,0.12626262626262624,4,0.3333333333333333,0.7849999999999999,0.33,0.8,1.0,0.1,0.01,200,5,True,False,7.325363338021566e-07,0.0,0.3911195646166403,0.3911195646166403,10.681926460839575,10.681926460839575,0.39032005179610607,0.39032005179610607,0.3911195646166403,0.0,0.3911195646166403,0.3911195646166403,10.69395579761726,10.69395579761726,10.681926460839575,0.0,10.681926460839575,10.681926460839575,480.0,487.9317648410797,done,,results/narval_screening_preprocessing_m6/1506925/config215_C8_M6_mouse409_n_pixels150_lissage_sigma4_tauRNN0.33_dtFactor2_g0.8_ampInWN0.01_P01_nRunTrain200_use_global_regressionTrue.pkl,4,5,0.25
216,8,6,409,200,179,6,12.0,0.08333333333333333,2,0.041666666666666664,0.12626262626262624,2,0.16666666666666666,0.39249999999999996,0.33,0.8,1.0,0.1,0.01,200,5,False,False,9.698944754810677e-07,0.0,0.27666061075878623,0.26674743773446297,22.507311048857616,22.875263665461542,0.27666061075878623,0.2674054125393649,0.26674743773446297,0.0,0.26674743773446297,0.26674743773446297,22.507311048857616,22.85298940057346,22.875263665461542,0.0,22.875263665461542,22.875263665461542,480.0,311.71876335144043,done,,results/narval_screening_preprocessing_m6/1506925/config216_C8_M6_mouse409_n_pixels200_lissage_sigma2_tauRNN0.33_dtFactor2_g0.8_ampInWN0.01_P01_nRunTrain200_use_global_regressionFalse.pkl,2,5,0.25
217,8,6,409,200,179,6,12.0,0.08333333333333333,2,0.041666666666666664,0.12626262626262624,2,0.16666666666666666,0.39249999999999996,0.33,0.8,1.0,0.1,0.01,200,5,True,False,9.698944754810677e-07,0.0,0.201509823195532,0.201509823195532,9.683707723255898,9.683707723255898,0.2011301950728559,0.2011301950728559,0.20150982319553198,2.7755575615628914e-17,0.201509823195532,0.201509823195532,9.68788561063904,9.68788561063904,9.683707723255898,0.0,9.683707723255898,9.683707723255898,480.0,304.23919892311096,done,,results/narval_screening_preprocessing_m6/1506925/config217_C8_M6_mouse409_n_pixels200_lissage_sigma2_tauRNN0.33_dtFactor2_g0.8_ampInWN0.01_P01_nRunTrain200_use_global_regressionTrue.pkl,2,5,0.25
218,8,6,409,200,179,6,12.0,0.08333333333333333,2,0.041666666666666664,0.12626262626262624,4,0.3333333333333333,0.7849999999999999,0.33,0.8,1.0,0.1,0.01,200,5,False,False,9.698944754810677e-07,0.0,0.37356569475365153,0.37350779499792097,18.651562788574825,18.65607261666482,0.37356569475365153,0.37354423886312194,0.37350779499792097,0.0,0.37350779499792097,0.37350779499792097,18.651562788574825,18.654734241664855,18.65607261666482,0.0,18.65607261666482,18.65607261666482,480.0,309.78625321388245,done,,results/narval_screening_preprocessing_m6/1506925/config218_C8_M6_mouse409_n_pixels200_lissage_sigma4_tauRNN0.33_dtFactor2_g0.8_ampInWN0.01_P01_nRunTrain200_use_global_regressionFalse.pkl,4,5,0.25
219,8,6,409,200,179,6,12.0,0.08333333333333333,2,0.041666666666666664,0.12626262626262624,4,0.3333333333333333,0.7849999999999999,0.33,0.8,1.0,0.1,0.01,200,5,True,False,9.698944754810677e-07,0.0,0.31617167153638726,0.31617167153638726,11.543657367984672,11.543657367984672,0.3157666863584131,0.3157666863584131,0.31617167153638726,0.0,0.31617167153638726,0.31617167153638726,11.548960052547876,11.548960052547876,11.543657367984672,0.0,11.543657367984672,11.543657367984672,480.0,1228.5618679523468,done,,results/narval_screening_preprocessing_m6/1506925/config219_C8_M6_mouse409_n_pixels200_lissage_sigma4_tauRNN0.33_dtFactor2_g0.8_ampInWN0.01_P01_nRunTrain200_use_global_regressionTrue.pkl,4,5,0.25
220,9,6,410,50,764,6,12.0,0.08333333333333333,2,0.041666666666666664,0.12626262626262624,2,0.16666666666666666,0.39249999999999996,0.33,0.8,1.0,0.1,0.01,200,5,False,False,2.2723967422920304e-07,0.0,0.6711835833481076,0.6711835833481076,4.6519910615426365,4.6519910615426365,0.6706482842988234,0.6706482842988234,0.6711835833481076,0.0,0.6711835833481076,0.6711835833481076,4.65951914635984,4.65951914635984,4.6519910615426365,0.0,4.6519910615426365,4.6519910615426365,480.0,6937.106209278107,done,,results/narval_screening_preprocessing_m6/1506925/config220_C9_M6_mouse410_n_pixels50_lissage_sigma2_tauRNN0.33_dtFactor2_g0.8_ampInWN0.01_P01_nRunTrain200_use_global_regressionFalse.pkl,2,5,0.25
221,9,6,410,50,764,6,12.0,0.08333333333333333,2,0.041666666666666664,0.12626262626262624,2,0.16666666666666666,0.39249999999999996,0.33,0.8,1.0,0.1,0.01,200,5,True,False,2.2723967422920304e-07,0.0,0.5477236102497123,0.5448072580515144,7.7298357370321416,7.815516336459958,0.5477236102497123,0.5439653129937996,0.5448072580515144,0.0,0.5448072580515144,0.5448072580515144,7.7298357370321416,7.827710050062526,7.815516336459959,8.881784197001252e-16,7.815516336459958,7.815516336459958,480.0,7135.523307800293,done,,results/narval_screening_preprocessing_m6/1506925/config221_C9_M6_mouse410_n_pixels50_lissage_sigma2_tauRNN0.33_dtFactor2_g0.8_ampInWN0.01_P01_nRunTrain200_use_global_regressionTrue.pkl,2,5,0.25
222,9,6,410,50,764,6,12.0,0.08333333333333333,2,0.041666666666666664,0.12626262626262624,4,0.3333333333333333,0.7849999999999999,0.33,0.8,1.0,0.1,0.01,200,5,False,False,4.5447934845840607e-07,0.0,0.7827683740064264,0.7827683740064264,3.1813851093026395,3.1813851093026395,0.7788456325831477,0.7785045028413717,0.7827683740064264,0.0,0.7827683740064264,0.7827683740064264,3.232422472281153,3.232422472281153,3.1813851093026395,0.0,3.1813851093026395,3.1813851093026395,480.0,9297.447998285294,done,,results/narval_screening_preprocessing_m6/1506925/config222_C9_M6_mouse410_n_pixels50_lissage_sigma4_tauRNN0.33_dtFactor2_g0.8_ampInWN0.01_P01_nRunTrain200_use_global_regressionFalse.pkl,4,5,0.25
223,9,6,410,50,764,6,12.0,0.08333333333333333,2,0.041666666666666664,0.12626262626262624,4,0.3333333333333333,0.7849999999999999,0.33,0.8,1.0,0.1,0.01,200,5,True,False,2.2723967422920304e-07,0.0,0.7280801152727705,0.7280801152727705,4.839580483487271,4.839580483487271,0.7272594182596283,0.7272594182596283,0.7280801152727705,0.0,0.7280801152727705,0.7280801152727705,4.852628924599042,4.852628924599042,4.839580483487271,0.0,4.839580483487271,4.839580483487271,480.0,9132.697656869888,done,,results/narval_screening_preprocessing_m6/1506925/config223_C9_M6_mouse410_n_pixels50_lissage_sigma4_tauRNN0.33_dtFactor2_g0.8_ampInWN0.01_P01_nRunTrain200_use_global_regressionTrue.pkl,4,5,0.25
224,9,6,410,75,510,6,12.0,0.08333333333333333,2,0.041666666666666664,0.12626262626262624,2,0.16666666666666666,0.39249999999999996,0.33,0.8,1.0,0.1,0.01,200,5,False,False,3.404139433551198e-07,0.0,0.5813727251759883,-102.88015884642645,7.015200033505176,1941.765967763414,0.5813727251759883,0.5813727251759883,-102.88015884642645,0.0,-102.88015884642645,-102.88015884642645,7.015200033505176,7.015200033505176,1941.765967763414,0.0,1941.765967763414,1941.765967763414,480.0,1933.5438044071198,done,,results/narval_screening_preprocessing_m6/1506925/config224_C9_M6_mouse410_n_pixels75_lissage_sigma2_tauRNN0.33_dtFactor2_g0.8_ampInWN0.01_P01_nRunTrain200_use_global_regressionFalse.pkl,2,5,0.25
225,9,6,410,75,510,6,12.0,0.08333333333333333,2,0.041666666666666664,0.12626262626262624,2,0.16666666666666666,0.39249999999999996,0.33,0.8,1.0,0.1,0.01,200,5,True,False,3.404139433551198e-07,0.0,0.43682975673843094,0.43682975673843094,10.398251868046838,10.398251868046838,0.43608647284616486,0.43608647284616486,0.43682975673843094,0.0,0.43682975673843094,0.43682975673843094,10.409754077173481,10.409754077173481,10.398251868046838,0.0,10.398251868046838,10.398251868046838,480.0,1960.9319438934326,done,,results/narval_screening_preprocessing_m6/1506925/config225_C9_M6_mouse410_n_pixels75_lissage_sigma2_tauRNN0.33_dtFactor2_g0.8_ampInWN0.01_P01_nRunTrain200_use_global_regressionTrue.pkl,2,5,0.25
226,9,6,410,75,510,6,12.0,0.08333333333333333,2,0.041666666666666664,0.12626262626262624,4,0.3333333333333333,0.7849999999999999,0.33,0.8,1.0,0.1,0.01,200,5,False,False,3.404139433551198e-07,0.0,0.6767035024687195,0.6767035024687195,6.028636627796283,6.028636627796283,0.6759916958581067,0.6759916958581067,0.6767035024687195,0.0,0.6767035024687195,0.6767035024687195,6.03251649409216,6.038071548949329,6.028636627796283,0.0,6.028636627796283,6.028636627796283,480.0,1955.5121920108795,done,,results/narval_screening_preprocessing_m6/1506925/config226_C9_M6_mouse410_n_pixels75_lissage_sigma4_tauRNN0.33_dtFactor2_g0.8_ampInWN0.01_P01_nRunTrain200_use_global_regressionFalse.pkl,4,5,0.25
227,9,6,410,75,510,6,12.0,0.08333333333333333,2,0.041666666666666664,0.12626262626262624,4,0.3333333333333333,0.7849999999999999,0.33,0.8,1.0,0.1,0.01,200,5,True,False,3.404139433551198e-07,0.0,0.5911076252860265,0.5882590700126943,7.981944400430876,8.05121955925062,0.5911076252860265,0.5880362446424237,0.5882590700126943,0.0,0.5882590700126943,0.5882590700126943,7.981944400430876,8.052495926790938,8.05121955925062,0.0,8.05121955925062,8.05121955925062,480.0,12215.094235897064,done,,results/narval_screening_preprocessing_m6/1506925/config227_C9_M6_mouse410_n_pixels75_lissage_sigma4_tauRNN0.33_dtFactor2_g0.8_ampInWN0.01_P01_nRunTrain200_use_global_regressionTrue.pkl,4,5,0.25
228,9,6,410,100,384,6,12.0,0.08333333333333333,2,0.041666666666666664,0.12626262626262624,2,0.16666666666666666,0.39249999999999996,0.33,0.8,1.0,0.1,0.01,200,5,False,False,4.5211226851851854e-07,0.0,0.4886349694085723,0.4886349694085723,9.062341208477743,9.103736217804954,0.48790395472374537,0.48790395472374537,0.4886349694085723,0.0,0.4886349694085723,0.4886349694085723,9.062341208477743,9.062341208477743,9.103736217804954,0.0,9.103736217804954,9.103736217804954,480.0,1711.7955389022827,done,,results/narval_screening_preprocessing_m6/1506925/config228_C9_M6_mouse410_n_pixels100_lissage_sigma2_tauRNN0.33_dtFactor2_g0.8_ampInWN0.01_P01_nRunTrain200_use_global_regressionFalse.pkl,2,5,0.25
229,9,6,410,100,384,6,12.0,0.08333333333333333,2,0.041666666666666664,0.12626262626262624,2,0.16666666666666666,0.39249999999999996,0.33,0.8,1.0,0.1,0.01,200,5,True,False,4.5211226851851854e-07,0.0,0.40687525386001633,0.40337133341223974,11.387535516364823,11.452726335694472,0.40687525386001633,0.40291441151969265,0.4033713334122398,5.551115123125783e-17,0.40337133341223974,0.40337133341223974,11.387535516364823,11.460397484181783,11.452726335694472,0.0,11.452726335694472,11.452726335694472,480.0,1712.8633079528809,done,,results/narval_screening_preprocessing_m6/1506925/config229_C9_M6_mouse410_n_pixels100_lissage_sigma2_tauRNN0.33_dtFactor2_g0.8_ampInWN0.01_P01_nRunTrain200_use_global_regressionTrue.pkl,2,5,0.25
230,9,6,410,100,384,6,12.0,0.08333333333333333,2,0.041666666666666664,0.12626262626262624,4,0.3333333333333333,0.7849999999999999,0.33,0.8,1.0,0.1,0.01,200,5,False,False,4.5211226851851854e-07,0.0,0.5607683117794287,0.5607683117794287,8.92431287115197,8.92431287115197,0.5600639133134437,0.5600639133134437,0.5607683117794287,0.0,0.5607683117794287,0.5607683117794287,8.938330621596613,8.938330621596613,8.92431287115197,0.0,8.92431287115197,8.92431287115197,480.0,2606.725656747818,done,,results/narval_screening_preprocessing_m6/1506925/config230_C9_M6_mouse410_n_pixels100_lissage_sigma4_tauRNN0.33_dtFactor2_g0.8_ampInWN0.01_P01_nRunTrain200_use_global_regressionFalse.pkl,4,5,0.25
231,9,6,410,100,384,6,12.0,0.08333333333333333,2,0.041666666666666664,0.12626262626262624,4,0.3333333333333333,0.7849999999999999,0.33,0.8,1.0,0.1,0.01,200,5,True,False,4.5211226851851854e-07,0.0,0.5569555408215859,0.5569555408215859,8.889601997473491,8.889601997473491,0.5563829405129004,0.5563829405129004,0.5569555408215859,0.0,0.5569555408215859,0.5569555408215859,8.899815504402623,8.899815504402623,8.889601997473491,0.0,8.889601997473491,8.889601997473491,480.0,1983.0232198238373,done,,results/narval_screening_preprocessing_m6/1506925/config231_C9_M6_mouse410_n_pixels100_lissage_sigma4_tauRNN0.33_dtFactor2_g0.8_ampInWN0.01_P01_nRunTrain200_use_global_regressionTrue.pkl,4,5,0.25
232,9,6,410,150,256,6,12.0,0.08333333333333333,2,0.041666666666666664,0.12626262626262624,2,0.16666666666666666,0.39249999999999996,0.33,0.8,1.0,0.1,0.01,200,5,False,False,6.781684027777778e-07,0.0,0.38658107597017544,0.3831419651492243,11.619476909583232,11.686199041335664,0.38658107597017544,0.38262481641049206,0.3831419651492243,0.0,0.3831419651492243,0.3831419651492243,11.619476909583232,11.695128953353649,11.686199041335664,0.0,11.686199041335664,11.686199041335664,480.0,1280.1888473033905,done,,results/narval_screening_preprocessing_m6/1506925/config232_C9_M6_mouse410_n_pixels150_lissage_sigma2_tauRNN0.33_dtFactor2_g0.8_ampInWN0.01_P01_nRunTrain200_use_global_regressionFalse.pkl,2,5,0.25
233,9,6,410,150,256,6,12.0,0.08333333333333333,2,0.041666666666666664,0.12626262626262624,2,0.16666666666666666,0.39249999999999996,0.33,0.8,1.0,0.1,0.01,200,5,True,False,6.781684027777778e-07,0.0,0.3074722397929863,0.3074722397929863,13.7226982352973,13.7226982352973,0.30719543768885715,0.30717865444332226,0.3074722397929863,0.0,0.3074722397929863,0.3074722397929863,13.726992677514644,13.727130426286452,13.722698235297297,1.7763568394002505e-15,13.7226982352973,13.7226982352973,480.0,1289.651528120041,done,,results/narval_screening_preprocessing_m6/1506925/config233_C9_M6_mouse410_n_pixels150_lissage_sigma2_tauRNN0.33_dtFactor2_g0.8_ampInWN0.01_P01_nRunTrain200_use_global_regressionTrue.pkl,2,5,0.25
234,9,6,410,150,256,6,12.0,0.08333333333333333,2,0.041666666666666664,0.12626262626262624,4,0.3333333333333333,0.7849999999999999,0.33,0.8,1.0,0.1,0.01,200,5,False,False,6.781684027777778e-07,0.0,0.46319539627059936,0.46319539627059936,11.417303666412137,11.417303666412137,0.46284874965440514,0.46284874965440514,0.46319539627059936,0.0,0.46319539627059936,0.46319539627059936,11.424145011245882,11.424145011245882,11.417303666412137,0.0,11.417303666412137,11.417303666412137,480.0,1285.7519767284393,done,,results/narval_screening_preprocessing_m6/1506925/config234_C9_M6_mouse410_n_pixels150_lissage_sigma4_tauRNN0.33_dtFactor2_g0.8_ampInWN0.01_P01_nRunTrain200_use_global_regressionFalse.pkl,4,5,0.25
235,9,6,410,150,256,6,12.0,0.08333333333333333,2,0.041666666666666664,0.12626262626262624,4,0.3333333333333333,0.7849999999999999,0.33,0.8,1.0,0.1,0.01,200,5,True,False,6.781684027777778e-07,0.0,0.40772859039852893,0.3948875879109849,12.36295641880706,12.683692317106797,0.40772859039852893,0.3942664581741264,0.3948875879109849,0.0,0.3948875879109849,0.3948875879109849,12.36295641880706,12.695489110305077,12.683692317106797,0.0,12.683692317106797,12.683692317106797,480.0,1319.3889951705933,done,,results/narval_screening_preprocessing_m6/1506925/config235_C9_M6_mouse410_n_pixels150_lissage_sigma4_tauRNN0.33_dtFactor2_g0.8_ampInWN0.01_P01_nRunTrain200_use_global_regressionTrue.pkl,4,5,0.25
236,9,6,410,200,193,6,12.0,0.08333333333333333,2,0.041666666666666664,0.12626262626262624,2,0.16666666666666666,0.39249999999999996,0.33,0.8,1.0,0.1,0.01,200,5,False,False,8.995394358088659e-07,0.0,0.29534497560200157,0.26196851075252114,13.578332616895803,14.209099582077359,0.29534497560200157,0.25967985868929877,0.26196851075252114,0.0,0.26196851075252114,0.26196851075252114,13.578332616895803,14.253516950431324,14.20909958207736,1.7763568394002505e-15,14.209099582077359,14.209099582077359,480.0,359.3151824474335,done,,results/narval_screening_preprocessing_m6/1506925/config236_C9_M6_mouse410_n_pixels200_lissage_sigma2_tauRNN0.33_dtFactor2_g0.8_ampInWN0.01_P01_nRunTrain200_use_global_regressionFalse.pkl,2,5,0.25
237,9,6,410,200,193,6,12.0,0.08333333333333333,2,0.041666666666666664,0.12626262626262624,2,0.16666666666666666,0.39249999999999996,0.33,0.8,1.0,0.1,0.01,200,5,True,False,8.995394358088659e-07,0.0,0.21958694246362487,0.21569926122256644,15.020450974213293,15.13509996813095,0.21958694246362487,0.21521191709001752,0.21569926122256647,2.7755575615628914e-17,0.21569926122256644,0.21569926122256644,15.020450974213293,15.143417754222448,15.13509996813095,0.0,15.13509996813095,15.13509996813095,480.0,334.19379591941833,done,,results/narval_screening_preprocessing_m6/1506925/config237_C9_M6_mouse410_n_pixels200_lissage_sigma2_tauRNN0.33_dtFactor2_g0.8_ampInWN0.01_P01_nRunTrain200_use_global_regressionTrue.pkl,2,5,0.25
238,9,6,410,200,193,6,12.0,0.08333333333333333,2,0.041666666666666664,0.12626262626262624,4,0.3333333333333333,0.7849999999999999,0.33,0.8,1.0,0.1,0.01,200,5,False,False,8.995394358088659e-07,0.0,0.330469453875914,0.330469453875914,14.670327357399106,14.670327357399106,0.32967269448950576,0.32967269448950576,0.330469453875914,0.0,0.330469453875914,0.330469453875914,14.687138984250037,14.687138984250037,14.670327357399106,0.0,14.670327357399106,14.670327357399106,480.0,342.899001121521,done,,results/narval_screening_preprocessing_m6/1506925/config238_C9_M6_mouse410_n_pixels200_lissage_sigma4_tauRNN0.33_dtFactor2_g0.8_ampInWN0.01_P01_nRunTrain200_use_global_regressionFalse.pkl,4,5,0.25
239,9,6,410,200,193,6,12.0,0.08333333333333333,2,0.041666666666666664,0.12626262626262624,4,0.3333333333333333,0.7849999999999999,0.33,0.8,1.0,0.1,0.01,200,5,True,False,8.995394358088659e-07,0.0,0.3657742561188996,0.3657742561188996,12.87089562563629,12.87089562563629,0.36512693760406456,0.36512693760406456,0.3657742561188996,0.0,0.3657742561188996,0.3657742561188996,12.883165958600571,12.883165958600571,12.87089562563629,0.0,12.87089562563629,12.87089562563629,480.0,338.67896604537964,done,,results/narval_screening_preprocessing_m6/1506925/config239_C9_M6_mouse410_n_pixels200_lissage_sigma4_tauRNN0.33_dtFactor2_g0.8_ampInWN0.01_P01_nRunTrain200_use_global_regressionTrue.pkl,4,5,0.25
240,9,6,415,50,700,6,12.0,0.08333333333333333,2,0.041666666666666664,0.12626262626262624,2,0.16666666666666666,0.39249999999999996,0.33,0.8,1.0,0.1,0.01,200,5,False,False,2.48015873015873e-07,0.0,0.6135057486555746,0.6135057486555746,0.4189812425290961,0.4189812425290961,0.6132071158428967,0.6132071158428967,0.6135057486555746,0.0,0.6135057486555746,0.6135057486555746,0.41934528428851436,0.41934528428851436,0.4189812425290961,0.0,0.4189812425290961,0.4189812425290961,480.0,5236.992177724838,done,,results/narval_screening_preprocessing_m6/1506925/config240_C9_M6_mouse415_n_pixels50_lissage_sigma2_tauRNN0.33_dtFactor2_g0.8_ampInWN0.01_P01_nRunTrain200_use_global_regressionFalse.pkl,2,5,0.25
241,9,6,415,50,700,6,12.0,0.08333333333333333,2,0.041666666666666664,0.12626262626262624,2,0.16666666666666666,0.39249999999999996,0.33,0.8,1.0,0.1,0.01,200,5,True,False,2.48015873015873e-07,0.0,0.5298995624626552,0.5298995624626552,0.3960629749356621,0.3960629749356621,0.529521981565056,0.529521981565056,0.5298995624626552,0.0,0.5298995624626552,0.5298995624626552,0.39639871421621065,0.39639871421621065,0.3960629749356621,0.0,0.3960629749356621,0.3960629749356621,480.0,8200.487605333328,done,,results/narval_screening_preprocessing_m6/1506925/config241_C9_M6_mouse415_n_pixels50_lissage_sigma2_tauRNN0.33_dtFactor2_g0.8_ampInWN0.01_P01_nRunTrain200_use_global_regressionTrue.pkl,2,5,0.25
242,9,6,415,50,700,6,12.0,0.08333333333333333,2,0.041666666666666664,0.12626262626262624,4,0.3333333333333333,0.7849999999999999,0.33,0.8,1.0,0.1,0.01,200,5,False,False,2.48015873015873e-07,0.0,0.8014060731695305,0.8014060731695305,0.38865871080672715,0.38865871080672715,0.8011932817771903,0.8011932817771903,0.8014060731695306,1.1102230246251565e-16,0.8014060731695305,0.8014060731695305,0.3890757269564303,0.3890757269564303,0.38865871080672715,0.0,0.38865871080672715,0.38865871080672715,480.0,4935.099052906036,done,,results/narval_screening_preprocessing_m6/1506925/config242_C9_M6_mouse415_n_pixels50_lissage_sigma4_tauRNN0.33_dtFactor2_g0.8_ampInWN0.01_P01_nRunTrain200_use_global_regressionFalse.pkl,4,5,0.25
243,9,6,415,50,700,6,12.0,0.08333333333333333,2,0.041666666666666664,0.12626262626262624,4,0.3333333333333333,0.7849999999999999,0.33,0.8,1.0,0.1,0.01,200,5,True,False,2.48015873015873e-07,0.0,0.7790670713640866,0.7790670713640866,0.3308868569262703,0.3308868569262703,0.7788138062679054,0.7788138062679054,0.7790670713640866,0.0,0.7790670713640866,0.7790670713640866,0.3312654586870678,0.3312654586870678,0.3308868569262703,0.0,0.3308868569262703,0.3308868569262703,480.0,5210.355669498444,done,,results/narval_screening_preprocessing_m6/1506925/config243_C9_M6_mouse415_n_pixels50_lissage_sigma4_tauRNN0.33_dtFactor2_g0.8_ampInWN0.01_P01_nRunTrain200_use_global_regressionTrue.pkl,4,5,0.25
244,9,6,415,75,468,6,12.0,0.08333333333333333,2,0.041666666666666664,0.12626262626262624,2,0.16666666666666666,0.39249999999999996,0.33,0.8,1.0,0.1,0.01,200,5,False,False,3.7096391263057927e-07,0.0,0.4932920595021648,0.4932920595021648,0.6948070824627797,0.6948070824627797,0.4928855552631103,0.4928855552631103,0.4932920595021648,0.0,0.4932920595021648,0.4932920595021648,0.6953769737270717,0.6953769737270717,0.6948070824627797,0.0,0.6948070824627797,0.6948070824627797,480.0,2440.2066032886505,done,,results/narval_screening_preprocessing_m6/1506925/config244_C9_M6_mouse415_n_pixels75_lissage_sigma2_tauRNN0.33_dtFactor2_g0.8_ampInWN0.01_P01_nRunTrain200_use_global_regressionFalse.pkl,2,5,0.25
245,9,6,415,75,468,6,12.0,0.08333333333333333,2,0.041666666666666664,0.12626262626262624,2,0.16666666666666666,0.39249999999999996,0.33,0.8,1.0,0.1,0.01,200,5,True,False,3.7096391263057927e-07,0.0,0.43985168074710834,0.43985168074710834,0.6172912398343905,0.6172912398343905,0.43950856580476616,0.43950856580476616,0.43985168074710834,0.0,0.43985168074710834,0.43985168074710834,0.6176821924490892,0.6176821924490892,0.6172912398343905,0.0,0.6172912398343905,0.6172912398343905,480.0,1566.7123184204102,done,,results/narval_screening_preprocessing_m6/1506925/config245_C9_M6_mouse415_n_pixels75_lissage_sigma2_tauRNN0.33_dtFactor2_g0.8_ampInWN0.01_P01_nRunTrain200_use_global_regressionTrue.pkl,2,5,0.25
246,9,6,415,75,468,6,12.0,0.08333333333333333,2,0.041666666666666664,0.12626262626262624,4,0.3333333333333333,0.7849999999999999,0.33,0.8,1.0,0.1,0.01,200,5,False,False,3.7096391263057927e-07,0.0,0.7074080858941385,0.7074080858941385,0.7197560287262738,0.7197560287262738,0.7070183185513121,0.7070183185513121,0.7074080858941385,0.0,0.7074080858941385,0.7074080858941385,0.7207098118999036,0.7207098118999036,0.7197560287262738,0.0,0.7197560287262738,0.7197560287262738,480.0,1673.736422777176,done,,results/narval_screening_preprocessing_m6/1506925/config246_C9_M6_mouse415_n_pixels75_lissage_sigma4_tauRNN0.33_dtFactor2_g0.8_ampInWN0.01_P01_nRunTrain200_use_global_regressionFalse.pkl,4,5,0.25
247,9,6,415,75,468,6,12.0,0.08333333333333333,2,0.041666666666666664,0.12626262626262624,4,0.3333333333333333,0.7849999999999999,0.33,0.8,1.0,0.1,0.01,200,5,True,False,3.7096391263057927e-07,0.0,0.6800148197816587,0.6800148197816587,0.6198475395513762,0.6198475395513762,0.6796300389967109,0.6796300389967109,0.6800148197816587,0.0,0.6800148197816587,0.6800148197816587,0.6205681150469594,0.6205681150469594,0.6198475395513762,0.0,0.6198475395513762,0.6198475395513762,480.0,1668.2710754871368,done,,results/narval_screening_preprocessing_m6/1506925/config247_C9_M6_mouse415_n_pixels75_lissage_sigma4_tauRNN0.33_dtFactor2_g0.8_ampInWN0.01_P01_nRunTrain200_use_global_regressionTrue.pkl,4,5,0.25
248,9,6,415,100,352,6,12.0,0.08333333333333333,2,0.041666666666666664,0.12626262626262624,2,0.16666666666666666,0.39249999999999996,0.33,0.8,1.0,0.1,0.01,200,5,False,False,4.932133838383838e-07,0.0,0.4601162656947154,0.4591126804453419,0.8610717158225435,0.8616215556615701,0.4601162656947154,0.4589123967632689,0.4591126804453419,0.0,0.4591126804453419,0.4591126804453419,0.8610717158225435,0.8619134600359093,0.86162155566157,1.1102230246251565e-16,0.8616215556615701,0.8616215556615701,480.0,1075.9813704490662,done,,results/narval_screening_preprocessing_m6/1506925/config248_C9_M6_mouse415_n_pixels100_lissage_sigma2_tauRNN0.33_dtFactor2_g0.8_ampInWN0.01_P01_nRunTrain200_use_global_regressionFalse.pkl,2,5,0.25
249,9,6,415,100,352,6,12.0,0.08333333333333333,2,0.041666666666666664,0.12626262626262624,2,0.16666666666666666,0.39249999999999996,0.33,0.8,1.0,0.1,0.01,200,5,True,False,4.932133838383838e-07,0.0,0.41965058721537507,0.41913488374205676,0.7223054888196319,0.7223054888196319,0.41965058721537507,0.41885801275960044,0.4191348837420568,5.551115123125783e-17,0.41913488374205676,0.41913488374205676,0.7224895387253095,0.7226477771543598,0.7223054888196319,0.0,0.7223054888196319,0.7223054888196319,480.0,1045.0621826648712,done,,results/narval_screening_preprocessing_m6/1506925/config249_C9_M6_mouse415_n_pixels100_lissage_sigma2_tauRNN0.33_dtFactor2_g0.8_ampInWN0.01_P01_nRunTrain200_use_global_regressionTrue.pkl,2,5,0.25
250,9,6,415,100,352,6,12.0,0.08333333333333333,2,0.041666666666666664,0.12626262626262624,4,0.3333333333333333,0.7849999999999999,0.33,0.8,1.0,0.1,0.01,200,5,False,False,4.932133838383838e-07,0.0,0.6410684684170331,0.6410684684170331,1.0291274006249123,1.0291274006249123,0.6406432992681681,0.6406432992681681,0.6410684684170331,0.0,0.6410684684170331,0.6410684684170331,1.0302919318135273,1.0302919318135273,1.0291274006249123,0.0,1.0291274006249123,1.0291274006249123,480.0,1007.0847704410553,done,,results/narval_screening_preprocessing_m6/1506925/config250_C9_M6_mouse415_n_pixels100_lissage_sigma4_tauRNN0.33_dtFactor2_g0.8_ampInWN0.01_P01_nRunTrain200_use_global_regressionFalse.pkl,4,5,0.25
251,9,6,415,100,352,6,12.0,0.08333333333333333,2,0.041666666666666664,0.12626262626262624,4,0.3333333333333333,0.7849999999999999,0.33,0.8,1.0,0.1,0.01,200,5,True,False,4.932133838383838e-07,0.0,0.6323297063386171,0.6323297063386171,0.8087830029469714,0.8087830029469714,0.631961503326969,0.631961503326969,0.6323297063386171,0.0,0.6323297063386171,0.6323297063386171,0.8095498040209567,0.8095498040209567,0.8087830029469714,0.0,0.8087830029469714,0.8087830029469714,480.0,1016.144935131073,done,,results/narval_screening_preprocessing_m6/1506925/config251_C9_M6_mouse415_n_pixels100_lissage_sigma4_tauRNN0.33_dtFactor2_g0.8_ampInWN0.01_P01_nRunTrain200_use_global_regressionTrue.pkl,4,5,0.25
252,9,6,415,150,236,6,12.0,0.08333333333333333,2,0.041666666666666664,0.12626262626262624,2,0.16666666666666666,0.39249999999999996,0.33,0.8,1.0,0.1,0.01,200,5,False,False,7.356403013182674e-07,0.0,0.35451590631768115,0.35047637193262604,1.0539255700846968,1.0582466757845026,0.35451590631768115,0.3502327070914728,0.35047637193262604,0.0,0.35047637193262604,0.35047637193262604,1.0539255700846968,1.058582940474096,1.0582466757845026,0.0,1.0582466757845026,1.0582466757845026,480.0,480.2350723743439,done,,results/narval_screening_preprocessing_m6/1506925/config252_C9_M6_mouse415_n_pixels150_lissage_sigma2_tauRNN0.33_dtFactor2_g0.8_ampInWN0.01_P01_nRunTrain200_use_global_regressionFalse.pkl,2,5,0.25
253,9,6,415,150,236,6,12.0,0.08333333333333333,2,0.041666666666666664,0.12626262626262624,2,0.16666666666666666,0.39249999999999996,0.33,0.8,1.0,0.1,0.01,200,5,True,False,7.356403013182674e-07,0.0,0.3320449261569335,0.3301307729823898,0.899235443498667,0.9003431504948834,0.3320449261569335,0.32991952647694267,0.3301307729823898,0.0,0.3301307729823898,0.3301307729823898,0.899235443498667,0.9006063639284264,0.9003431504948833,1.1102230246251565e-16,0.9003431504948834,0.9003431504948834,480.0,494.29501271247864,done,,results/narval_screening_preprocessing_m6/1506925/config253_C9_M6_mouse415_n_pixels150_lissage_sigma2_tauRNN0.33_dtFactor2_g0.8_ampInWN0.01_P01_nRunTrain200_use_global_regressionTrue.pkl,2,5,0.25
254,9,6,415,150,236,6,12.0,0.08333333333333333,2,0.041666666666666664,0.12626262626262624,4,0.3333333333333333,0.7849999999999999,0.33,0.8,1.0,0.1,0.01,200,5,False,False,7.356403013182674e-07,0.0,0.540536693220032,0.540536693220032,1.3486008455351346,1.3486008455351346,0.5394281123823536,0.5394281123823536,0.540536693220032,0.0,0.540536693220032,0.540536693220032,1.3518283594721805,1.3518283594721805,1.3486008455351346,0.0,1.3486008455351346,1.3486008455351346,480.0,535.8364961147308,done,,results/narval_screening_preprocessing_m6/1506925/config254_C9_M6_mouse415_n_pixels150_lissage_sigma4_tauRNN0.33_dtFactor2_g0.8_ampInWN0.01_P01_nRunTrain200_use_global_regressionFalse.pkl,4,5,0.25
255,9,6,415,150,236,6,12.0,0.08333333333333333,2,0.041666666666666664,0.12626262626262624,4,0.3333333333333333,0.7849999999999999,0.33,0.8,1.0,0.1,0.01,200,5,True,False,7.356403013182674e-07,0.0,0.48744116484151623,0.48744116484151623,1.212519300376707,1.212519300376707,0.48685375790514895,0.48685375790514895,0.4874411648415162,5.551115123125783e-17,0.48744116484151623,0.48744116484151623,1.2138833841780903,1.2138833841780903,1.212519300376707,0.0,1.212519300376707,1.212519300376707,480.0,1406.3914461135864,done,,results/narval_screening_preprocessing_m6/1506925/config255_C9_M6_mouse415_n_pixels150_lissage_sigma4_tauRNN0.33_dtFactor2_g0.8_ampInWN0.01_P01_nRunTrain200_use_global_regressionTrue.pkl,4,5,0.25
256,9,6,415,200,178,6,12.0,0.08333333333333333,2,0.041666666666666664,0.12626262626262624,2,0.16666666666666666,0.39249999999999996,0.33,0.8,1.0,0.1,0.01,200,5,False,False,9.753433208489388e-07,0.0,0.3639545854036218,0.3544523807923008,1.721884068351989,1.7445536730264006,0.3639545854036218,0.35387868474249895,0.3544523807923008,0.0,0.3544523807923008,0.3544523807923008,1.721884068351989,1.7460784105057034,1.7445536730264006,0.0,1.7445536730264006,1.7445536730264006,480.0,486.0862307548523,done,,results/narval_screening_preprocessing_m6/1506925/config256_C9_M6_mouse415_n_pixels200_lissage_sigma2_tauRNN0.33_dtFactor2_g0.8_ampInWN0.01_P01_nRunTrain200_use_global_regressionFalse.pkl,2,5,0.25
257,9,6,415,200,178,6,12.0,0.08333333333333333,2,0.041666666666666664,0.12626262626262624,2,0.16666666666666666,0.39249999999999996,0.33,0.8,1.0,0.1,0.01,200,5,True,False,9.753433208489388e-07,0.0,0.2989108096777522,0.29415352735255296,1.550300317897304,1.557611219344273,0.2989108096777522,0.29381387765503986,0.29415352735255296,0.0,0.29415352735255296,0.29415352735255296,1.550300317897304,1.5582992085010419,1.557611219344273,0.0,1.557611219344273,1.557611219344273,480.0,315.26403999328613,done,,results/narval_screening_preprocessing_m6/1506925/config257_C9_M6_mouse415_n_pixels200_lissage_sigma2_tauRNN0.33_dtFactor2_g0.8_ampInWN0.01_P01_nRunTrain200_use_global_regressionTrue.pkl,2,5,0.25
258,9,6,415,200,178,6,12.0,0.08333333333333333,2,0.041666666666666664,0.12626262626262624,4,0.3333333333333333,0.7849999999999999,0.33,0.8,1.0,0.1,0.01,200,5,False,False,9.753433208489388e-07,0.0,0.44121635159588146,0.43336047216159135,2.7598671171654483,2.7961012033032158,0.44121635159588146,0.4332724162107934,0.4333604721615913,5.551115123125783e-17,0.43336047216159135,0.43336047216159135,2.7598671171654483,2.796314010598135,2.7961012033032158,0.0,2.7961012033032158,2.7961012033032158,480.0,583.8363575935364,done,,results/narval_screening_preprocessing_m6/1506925/config258_C9_M6_mouse415_n_pixels200_lissage_sigma4_tauRNN0.33_dtFactor2_g0.8_ampInWN0.01_P01_nRunTrain200_use_global_regressionFalse.pkl,4,5,0.25
259,9,6,415,200,178,6,12.0,0.08333333333333333,2,0.041666666666666664,0.12626262626262624,4,0.3333333333333333,0.7849999999999999,0.33,0.8,1.0,0.1,0.01,200,5,True,False,9.753433208489388e-07,0.0,0.45207365801148536,0.4484736355434318,2.1245879012241873,2.1376556405909706,0.45207365801148536,0.44788769843288045,0.44847363554343184,5.551115123125783e-17,0.4484736355434318,0.4484736355434318,2.1245879012241873,2.139784692384238,2.1376556405909706,0.0,2.1376556405909706,2.1376556405909706,480.0,305.67322969436646,done,,results/narval_screening_preprocessing_m6/1506925/config259_C9_M6_mouse415_n_pixels200_lissage_sigma4_tauRNN0.33_dtFactor2_g0.8_ampInWN0.01_P01_nRunTrain200_use_global_regressionTrue.pkl,4,5,0.25
